-- --------------------------------------------------------
-- Host:                         179.27.203.212
-- Versión del servidor:         8.0.45-0ubuntu0.22.04.1 - (Ubuntu)
-- SO del servidor:              Linux
-- HeidiSQL Versión:             11.0.0.5919
-- --------------------------------------------------------

/*!40101 SET @OLD_CHARACTER_SET_CLIENT=@@CHARACTER_SET_CLIENT */;
/*!40101 SET NAMES utf8 */;
/*!50503 SET NAMES utf8mb4 */;
/*!40014 SET @OLD_FOREIGN_KEY_CHECKS=@@FOREIGN_KEY_CHECKS, FOREIGN_KEY_CHECKS=0 */;
/*!40101 SET @OLD_SQL_MODE=@@SQL_MODE, SQL_MODE='NO_AUTO_VALUE_ON_ZERO' */;


-- Volcando estructura de base de datos para barber
CREATE DATABASE IF NOT EXISTS `barber` /*!40100 DEFAULT CHARACTER SET utf8mb4 COLLATE utf8mb4_0900_ai_ci */ /*!80016 DEFAULT ENCRYPTION='N' */;
USE `barber`;

-- Volcando estructura para tabla barber.barbero
CREATE TABLE IF NOT EXISTS `barbero` (
  `id_barbero` int unsigned NOT NULL AUTO_INCREMENT,
  `nombre` varchar(100) NOT NULL,
  `created_at` timestamp NULL DEFAULT CURRENT_TIMESTAMP,
  `foto_url` varchar(255) DEFAULT NULL,
  `activo` tinyint(1) NOT NULL DEFAULT '1',
  `descanso_inicio` varchar(10) DEFAULT NULL,
  `descanso_fin` varchar(10) DEFAULT NULL,
  PRIMARY KEY (`id_barbero`)
) ENGINE=InnoDB AUTO_INCREMENT=4 DEFAULT CHARSET=utf8mb4 COLLATE=utf8mb4_0900_ai_ci;

-- Volcando datos para la tabla barber.barbero: ~2 rows (aproximadamente)
/*!40000 ALTER TABLE `barbero` DISABLE KEYS */;
INSERT INTO `barbero` (`id_barbero`, `nombre`, `created_at`, `foto_url`, `activo`, `descanso_inicio`, `descanso_fin`) VALUES
	(1, 'Nacho', '2026-01-04 21:35:34', 'barbero_1_1774571813.jpg', 1, '12:20', '13:20'),
	(3, 'Amilkar ', '2026-01-12 19:11:48', 'barbero_3_1774571810.jpg', 0, NULL, NULL);
/*!40000 ALTER TABLE `barbero` ENABLE KEYS */;

-- Volcando estructura para tabla barber.barberos
CREATE TABLE IF NOT EXISTS `barberos` (
  `id` int unsigned NOT NULL AUTO_INCREMENT,
  `nombre` varchar(100) NOT NULL,
  `email` varchar(100) NOT NULL,
  `password_hash` varchar(255) NOT NULL,
  `role` varchar(20) NOT NULL DEFAULT 'barbero',
  `is_active` tinyint(1) NOT NULL DEFAULT '1',
  `barbero_id` int unsigned DEFAULT NULL,
  PRIMARY KEY (`id`),
  UNIQUE KEY `ux_barberos_email` (`email`),
  KEY `fk_barberos_barbero` (`barbero_id`),
  CONSTRAINT `fk_barberos_barbero` FOREIGN KEY (`barbero_id`) REFERENCES `barbero` (`id_barbero`) ON DELETE SET NULL ON UPDATE CASCADE
) ENGINE=InnoDB AUTO_INCREMENT=2 DEFAULT CHARSET=utf8mb4 COLLATE=utf8mb4_0900_ai_ci;

-- Volcando datos para la tabla barber.barberos: ~0 rows (aproximadamente)
/*!40000 ALTER TABLE `barberos` DISABLE KEYS */;
INSERT INTO `barberos` (`id`, `nombre`, `email`, `password_hash`, `role`, `is_active`, `barbero_id`) VALUES
	(1, 'Nacho', 'nacho@kingbarber.com', '$2b$12$WixmxQGqBKFCmK8REva6EuRLrP1QellMHs5PhU6e8KPd.QSmFg5Jm', 'admin', 1, 1);
/*!40000 ALTER TABLE `barberos` ENABLE KEYS */;

-- Volcando estructura para tabla barber.blacklist
CREATE TABLE IF NOT EXISTS `blacklist` (
  `id` int NOT NULL AUTO_INCREMENT,
  `telefono` varchar(20) NOT NULL,
  `motivo` varchar(255) DEFAULT NULL,
  `created_at` timestamp NULL DEFAULT CURRENT_TIMESTAMP,
  PRIMARY KEY (`id`),
  UNIQUE KEY `telefono_unico` (`telefono`)
) ENGINE=InnoDB AUTO_INCREMENT=4 DEFAULT CHARSET=utf8mb4 COLLATE=utf8mb4_0900_ai_ci;

-- Volcando datos para la tabla barber.blacklist: ~0 rows (aproximadamente)
/*!40000 ALTER TABLE `blacklist` DISABLE KEYS */;
INSERT INTO `blacklist` (`id`, `telefono`, `motivo`, `created_at`) VALUES
	(3, '099611465', 'Sin turno disponible ', '2026-03-16 02:37:58');
/*!40000 ALTER TABLE `blacklist` ENABLE KEYS */;

-- Volcando estructura para tabla barber.cliente
CREATE TABLE IF NOT EXISTS `cliente` (
  `id_cliente` int unsigned NOT NULL AUTO_INCREMENT,
  `nombre` varchar(100) NOT NULL,
  `apellido` varchar(100) NOT NULL,
  `telefono` varchar(20) NOT NULL,
  `email` varchar(100) DEFAULT NULL,
  `created_at` timestamp NULL DEFAULT CURRENT_TIMESTAMP,
  PRIMARY KEY (`id_cliente`),
  UNIQUE KEY `uq_cliente_telefono` (`telefono`)
) ENGINE=InnoDB AUTO_INCREMENT=170 DEFAULT CHARSET=utf8mb4 COLLATE=utf8mb4_0900_ai_ci;

-- Volcando datos para la tabla barber.cliente: ~166 rows (aproximadamente)
/*!40000 ALTER TABLE `cliente` DISABLE KEYS */;
INSERT INTO `cliente` (`id_cliente`, `nombre`, `apellido`, `telefono`, `email`, `created_at`) VALUES
	(1, 'Matias', 'Perreng', '095064060', 'csmatiperreng@gmail.com', '2026-01-12 19:09:39'),
	(2, 'Leandro', 'Estevez', '096636052', 'leandroestevez18@gmail.com', '2026-01-13 17:48:40'),
	(3, 'Ezequiel', 'Montero', '095541214', 'monte24ro@gmail.com', '2026-01-13 23:40:48'),
	(4, 'Agustín ', 'Calonge ', '092714524', 'agustincalonge8@gmail.com', '2026-01-13 23:50:56'),
	(5, 'Agustin', 'Mello', '097165801', 'agustinmello97@gmail.com', '2026-01-14 00:01:10'),
	(6, 'Diego ', 'Rodriguez', '094689077', 'diegomauricio1710@gmail.com', '2026-01-14 00:31:48'),
	(7, 'Sebastian', 'Olivera', '093703581', 'sebamanuo2710@gmail.com', '2026-01-14 01:17:24'),
	(8, 'franco ', 'king', '09999999', 'nicolasmedinab11@gmail.com', '2026-01-14 03:21:09'),
	(9, 'Gerard', 'Silva', '094728617', NULL, '2026-01-14 04:31:52'),
	(10, 'Dilan', 'Prado ', '094120793', 'dilanprado1104@gmail.com', '2026-01-14 05:44:29'),
	(11, 'Borrego', 'Mai', '098454871', NULL, '2026-01-14 06:15:49'),
	(12, 'nelson', 'nieves', '092937412', 'conejo4882@gmail.com', '2026-01-14 06:34:54'),
	(13, 'Danu', 'Santi ', '093920081', 'Santiagocardozo2000@icloud.com', '2026-01-14 06:54:50'),
	(14, 'Benjamín ', 'Peña', '095908606', 'santiagocardozo2000@icloud.com', '2026-01-14 06:56:53'),
	(15, 'Gaston', 'Martinez', '095934867', 'jenico1610@gmail.com', '2026-01-14 07:37:53'),
	(16, 'Ignacio ', 'González ', '095900995', 'ignacio.galmiron@gmail.com', '2026-01-14 07:54:54'),
	(17, 'lucas', 'arismendi', '093820358', 'arismendilucas2006@gmail.com', '2026-01-14 08:54:30'),
	(18, 'Ignacio Saravia ', 'Saravia', '099611465', 'ignaciosaravia1901@outlook.com', '2026-01-14 09:42:53'),
	(19, 'Marcel', 'Lordon', '098475158', 'marcellordon4700@hotmail.com', '2026-01-14 10:28:18'),
	(20, 'Franco', 'Estevez ', '096252500', 'estevezfranco12@gmail.com', '2026-01-14 12:39:49'),
	(21, 'Alexis', 'Villalba', '094023432', 'cabe-10@hotmail.com', '2026-01-14 20:55:08'),
	(22, 'Lucas ', 'Añon', '094122699', 'jonatahansanchez0@gmail.com', '2026-01-14 22:19:29'),
	(23, 'manu', 'vera', '094132749', 'manuvera1924@gmail.com', '2026-01-15 12:35:57'),
	(24, 'Alexis', 'Areosa', '099626627', 'aleareosa93@gmail.com', '2026-01-16 09:25:29'),
	(25, 'Carlos', 'Nieve', '094749449', NULL, '2026-01-16 19:37:11'),
	(26, 'Itan', 'Caceres', '093311302', NULL, '2026-01-16 22:04:52'),
	(28, 'nelson', 'nieves', '099589191', 'conejo2nieves@hotmail.com', '2026-01-18 07:35:03'),
	(29, 'Nicolas', 'Cruz', '095067544', 'nc07598@gmail.com', '2026-01-18 13:40:50'),
	(32, 'Ivan', 'Francia', '094388948', 'ivanfrancia2002@gmail.com', '2026-01-18 21:24:21'),
	(33, 'Nicolas', 'Cruz', '095067554', 'nc07598@gmail.com', '2026-01-20 00:39:00'),
	(34, 'Alfredo', 'Viera', '093705681', 'negrovieraa@gmail.com', '2026-01-20 09:54:46'),
	(35, 'Alex', 'olivera', '093350395', 'alexnahuelcolmanolivera@gmail.com', '2026-01-20 22:26:00'),
	(36, 'Bruno', 'Rosas', '092290441', 'brunorosas10@icloud.com', '2026-01-20 22:26:45'),
	(37, 'Carlito', 'Csr', '091696531', 'carlosmatias857@gmail.com', '2026-01-20 22:26:56'),
	(38, 'Santiago', 'García ', '093758964', 'garciasantiago2201@gmail.com', '2026-01-20 22:38:37'),
	(39, 'facundo', 'duarte', '095194808', 'facuduarte2006@gmail.com', '2026-01-20 22:42:01'),
	(40, 'Nicolás ', 'Medina', '091041010', 'nicolasmedinab11@gmail.com', '2026-01-20 22:59:35'),
	(41, 'Cristian ', 'Britos ', '098510368', 'cristian.britos20@gmail.com', '2026-01-20 23:01:20'),
	(42, 'Gino ', 'Marroche ', '094770894', 'gialessandro81@gmail.com', '2026-01-21 06:04:19'),
	(43, 'Fabrizio', 'De Dominicis', '094229162', 'linux3@hotmail.com.ar', '2026-01-21 08:53:55'),
	(44, 'Angel', 'Rodriguez ', '094656814', 'angel-_-gabelo@hotmail.com', '2026-01-21 09:35:17'),
	(45, 'Pablo', 'Mokarm', '097300739', 'pablomokarm@gmail.com', '2026-01-21 12:32:00'),
	(46, 'Thiago', 'Iglesias ', '093315166', 'thiagoiglesias2705@gmail.com', '2026-01-21 20:30:40'),
	(47, 'Santi', 'Ditchekenian ', '092225777', 'ditchekeniansantiago@gmail.com', '2026-01-21 22:52:29'),
	(48, 'Edinson ', 'Noble ', '094908127', 'edinsonnoble7@gmail.com', '2026-01-22 10:00:35'),
	(49, 'Lautaro ', 'Galeano', '098188340', 'galeano.facundo1922@icloud.com', '2026-01-22 13:54:15'),
	(50, 'Chino', 'Gutierrez', '099386984', 'chinower1922@icloud.com', '2026-01-22 15:10:03'),
	(51, 'Mathias', 'Alaniz', '091680511', 'bcfm.alaniz@gmail.com', '2026-01-22 19:16:06'),
	(52, 'Facundo ', 'Barbero', '094732581', 'facubar2368@gmail.com', '2026-01-23 12:46:35'),
	(53, 'Andrés ', 'Braga', '094185382', 'andresbraga2018@gmail.com', '2026-02-06 22:06:42'),
	(54, 'Christian ', 'Bethencourt', '091622999', 'christianbethencourt1919@gmail.com', '2026-02-06 22:08:20'),
	(55, 'Jbenjs ', 'S', '091279467', 'jonasouza276@gmail.com', '2026-02-06 22:26:55'),
	(56, 'Matías ', 'Pérez ', '094964008', 'matii4570@gmail.com', '2026-02-06 23:10:55'),
	(57, 'Marcos', 'Galván ', '098342852', NULL, '2026-02-07 18:06:17'),
	(58, 'Ivan', 'Aguirre', '094463097', 'ivanandres2332@gmail.com', '2026-02-09 00:40:35'),
	(59, 'Alejandro ', 'Velazquez ', '094702642', 'alenegocios_cerro@hotmail.com', '2026-02-09 14:57:19'),
	(60, 'Leandro ', 'Estevez ', '096636952', 'leandroestevez18@gmail.com', '2026-02-09 16:55:51'),
	(61, 'Martin', 'Guevara ', '095497528', 'martinguevara994@gmail.com', '2026-02-09 19:06:58'),
	(62, 'Gonzalo', 'Otero', '094762305', 'oterogonzalo73@gmail.com', '2026-02-10 10:03:24'),
	(63, 'Lautaro ', 'Taleano', '098188349', NULL, '2026-02-11 19:34:35'),
	(64, 'Marcos', 'Galvan', '098342952', 'marcosgalvan0816@gmail.com', '2026-02-11 19:50:33'),
	(65, 'Guille', 'Ventoso', '095717453', 'ventosog@gmail.com', '2026-02-12 16:40:28'),
	(66, 'Esteban ', 'Ortega ', '092298286', 'estebanortega1995810000@gmail.com', '2026-02-13 08:10:21'),
	(67, 'Santi', 'Jara', '093369253', 'jararamiro522@gmail.com', '2026-02-13 20:16:53'),
	(68, 'Ezequiel', 'Gomez', '092978644', 'monte34ro@gmail.com', '2026-02-15 21:37:56'),
	(69, 'Jonathan ', 'Gómez ', '099306084', 'Gigantee.23g@gmail.com', '2026-02-16 17:46:22'),
	(70, 'Rubén ', 'Saravia ', '099611467', 'ignaciosaravia1901@outlook.com', '2026-02-17 11:39:55'),
	(71, 'Héctor', 'Saravia', '092 961 927', 'hectorsaravia410@gmail.com', '2026-02-17 12:25:50'),
	(72, 'Leo', 'Trindade ', '099861148', 'leitotrindade@gmail.com', '2026-02-17 13:38:03'),
	(73, 'Benja ', 'Buen ', '098564729', NULL, '2026-02-17 16:57:58'),
	(74, 'Jordan ', 'Cortes', '092238680', 'jordancortescorrea@gmail.com', '2026-02-18 06:02:11'),
	(75, 'Franco', 'Ramírez', '094678260', 'franco1999siu@gmail.com', '2026-02-18 21:42:37'),
	(76, 'Fernando ', 'Giles ', '091860402', 'ffgiles81@gmail.com', '2026-02-19 06:56:37'),
	(77, 'Andrés ', 'Lefevre ', '095902749', 'andreslefevre9@gmail.com', '2026-02-19 09:53:17'),
	(78, 'Martin', 'Dos santos', '091 716 746', 'martindossantos@gmail.com', '2026-02-20 13:18:25'),
	(79, 'Martin', 'Dos santos ', '091716746', 'cdratwa5@gmail.com', '2026-02-20 14:05:40'),
	(80, 'Ignacio ', 'Saravia', '099611466', NULL, '2026-02-20 14:14:41'),
	(81, 'Ismael ', 'Luzardo ', '092453046', 'ismmael1111@gmail.com', '2026-02-20 17:33:21'),
	(82, 'Prueba', 'Barber', '093910963', 'matiperreng2019@gmail.com', '2026-02-20 20:17:30'),
	(83, 'Matias', 'MonTh', '095064061', 'matiperreng2019@gmail.com', '2026-02-20 20:48:13'),
	(84, 'Lucas', 'Morales', '094404221', 'lucasmoralesen@gmail.com', '2026-02-20 21:47:33'),
	(85, 'Ezequiel', 'Montero', '092802119', 'monte24ro@icloud.com', '2026-02-24 08:57:33'),
	(86, 'Joaco', 'Cerro', '094153688', 'joacoemma1922@gmail.com', '2026-02-24 09:25:08'),
	(87, 'Facundo ', 'Estevez', '096374628', 'facundoestevez13@gmail.com', '2026-02-24 09:57:44'),
	(88, 'Guillermo', 'Martinez', '095344765', 'guillemartinezavila0@gmail.com', '2026-02-24 10:38:24'),
	(89, 'Matias', 'Corajoria', '095570816', 'matiascorajoria@outlook.com', '2026-02-24 11:46:44'),
	(90, 'Agustin', 'Mello', '097165901', 'agustinmello97@gmail.com', '2026-02-25 00:13:33'),
	(91, 'Daniel', 'Michelli', '094176366', 'danielmichelli022@gmail.com', '2026-02-25 10:48:35'),
	(92, 'Benjamin', 'Quiroga', '092237859', 'bencap2015@gmail.com', '2026-02-25 11:44:51'),
	(93, 'Benjamin ', 'Romero', '093984626', 'romerosilvana438@gmail.com', '2026-02-25 12:54:35'),
	(94, 'Mati', 'perreng', '09623432', 'matiperreng2019@gmail.com', '2026-02-25 14:24:05'),
	(95, 'Ignacio ', 'Saravia ', '099611457', NULL, '2026-02-26 13:35:00'),
	(96, 'Juan', 'Franco', '093827125', 'juanfranco12281@gmail.com', '2026-02-26 15:50:02'),
	(97, 'Nahuel ', 'Anzalone ', '094679853', 'wahuelanzalone2004@gmail.com', '2026-02-27 10:08:36'),
	(98, 'manu', 'vera', '94132749', 'manuvera1924@gmail.com', '2026-02-27 10:33:39'),
	(99, 'Pepe', 'Prueba', '099888777', NULL, '2026-02-27 11:41:18'),
	(100, 'javier', 'mora', '097868290', 'javiermora23455@gmail.com', '2026-02-27 13:36:32'),
	(101, 'Fabio', 'Da silva', '091046616', 'dasilvafabio424@gmail.com', '2026-02-27 14:58:43'),
	(102, 'Gaston', 'Martinez', '654230974', 'jenico1610@gmail.com', '2026-02-27 18:03:03'),
	(103, 'Alexis', 'Morales', '098946869', 'alexis.morales90-@hotmail.com', '2026-02-28 14:19:23'),
	(104, 'Gonzalo ', 'Otero', '+59894762305', 'oterogonzalo73@gmail.com', '2026-02-28 22:06:54'),
	(105, 'Joaquin', 'Scaroni', '092388814', 'joaco23dfc@gmail.com', '2026-03-02 14:46:58'),
	(106, 'Ignacio ', 'Saravia', '099611469', 'ignaciosaravia1901@outlook.com', '2026-03-03 09:40:49'),
	(107, 'Mauri', 'Rodriguez ', '092211020', 'maurionce99@gmail.com', '2026-03-03 17:22:34'),
	(108, 'Gaston', 'Martinez', '095934869', 'jenico1610@gmail.com', '2026-03-04 10:46:50'),
	(109, 'Nano', 'Colman ', '095797765', 'alexnahuelcolmanolivera@gmail.com', '2026-03-04 17:13:50'),
	(110, 'Gonzalo ', 'Díaz ', '+59892714685', 'gonza94432756@gmail.com', '2026-03-04 23:15:27'),
	(111, 'Rubito', 'Rubito', '098130530', 'rubitosorroquueta@gmail.com', '2026-03-05 05:21:39'),
	(112, 'Rodrigo', 'Novas', '095168067', 'rodrigonovas4@gmail.com', '2026-03-07 08:28:13'),
	(113, 'César ', 'Carrasco Acosta ', '099686722', NULL, '2026-03-10 08:16:50'),
	(114, 'Maicol', 'Techera', '098425992', 'maicoltechera14@hotmail.com', '2026-03-10 08:17:59'),
	(115, 'Leo', 'Trindade', '099681148', 'leitotrindade@gmail.com', '2026-03-10 09:06:23'),
	(116, 'Ismael', 'Luzardo ', '092 453 046', 'ismmael1111@gmail.com', '2026-03-10 16:31:41'),
	(117, 'Gonchi ', 'Dutra', '092364840', 'dutragonchi@gmail.com', '2026-03-10 17:16:49'),
	(118, 'Ignacio ', 'Saravia ', '095238652', NULL, '2026-03-16 09:19:14'),
	(119, 'Nahuel ', 'Anzalone', '094008770', NULL, '2026-03-18 11:52:02'),
	(120, 'Daniel ', 'Michelli ', '094 176 366', 'danielmichelli022@gmail.com', '2026-03-19 18:17:40'),
	(121, 'Mathias ', 'Alaniz', '095131771', 'bcfm.alaniz@gmail.com', '2026-03-19 19:02:52'),
	(122, 'Agustín ', 'García ', '091063327', 'agusscar3@gmail.com', '2026-03-22 13:39:41'),
	(123, 'Ignacio ', 'Saravia', '099611463', NULL, '2026-03-23 21:18:07'),
	(124, 'Gaston ', 'Martinez ', '095 934 867', 'elrocho_de_lanoche@hotmail.com', '2026-03-23 23:21:58'),
	(125, 'Ignacio ', 'Saravia ', '099465532', NULL, '2026-03-25 10:29:53'),
	(126, 'Maximiliano', 'Fernandez', '095274651', 'jsjsha127@gmail.com', '2026-03-25 10:30:21'),
	(127, 'Ignacio Saravia ', 'Saravia ', '099611345', NULL, '2026-03-25 14:31:39'),
	(128, 'Ignacio ', 'Saravia ', '099611464', NULL, '2026-03-25 16:07:16'),
	(129, 'Seba ', 'Cáceres ', '098124851', NULL, '2026-03-26 08:34:06'),
	(130, 'Lucas', 'Rodríguez ', '096019327', 'oterogonzalo73@gmail.com', '2026-03-27 20:59:31'),
	(131, 'Itan ', 'Saravia ', '099420321', NULL, '2026-03-31 12:09:12'),
	(132, 'Ignacio', 'Saravia ', '095235652', NULL, '2026-03-31 12:09:19'),
	(133, 'Ignacio ', 'Saravia ', '099611453', NULL, '2026-03-31 12:09:39'),
	(134, 'Ignacio Saravia ', 'Saravia', '099611462', NULL, '2026-03-31 12:30:18'),
	(135, 'Santino ', 'Cuello', '094043292', 'echudezsandra@gmail.com', '2026-03-31 23:15:23'),
	(136, 'Ignacio ', 'Saravia ', '099652325', NULL, '2026-04-02 13:57:11'),
	(137, 'Ignacio ', 'Saravia ', '09356789', NULL, '2026-04-02 13:57:26'),
	(138, 'Nahuel', 'Velazquez ', '092 358 150', 'Nahuelvelazquez310@gmail.com', '2026-04-03 11:41:44'),
	(139, 'Corte a los del torque ', 'Club ', '099611473', NULL, '2026-04-06 21:26:20'),
	(140, 'Corte club torque ', 'Torque ', '095356282', NULL, '2026-04-06 21:26:59'),
	(141, 'lucas', 'arismendi', '093820368', 'arismendilucas2006@gmail.com', '2026-04-06 21:53:26'),
	(142, 'Katriel', 'Correa ', '099304184', NULL, '2026-04-07 09:42:39'),
	(143, 'Ignacio ', 'Saravia ', '099462327', NULL, '2026-04-07 09:46:47'),
	(144, 'Sebastian', 'Olivera', '003703581', 'sebamanuo2710@gmail.com', '2026-04-07 21:10:03'),
	(145, 'Agustin', 'Calonge', '002714524', NULL, '2026-04-07 21:12:27'),
	(146, 'Facundo', 'Rivero ', '099887993', 'yacyaragonzalez.08@gmail.com', '2026-04-07 21:22:33'),
	(147, 'Dylan', 'Dylan', '099278687', 'carlosmatias857@gmail.com', '2026-04-08 13:37:32'),
	(148, 'Ignacio', 'Saravia', '099543234', NULL, '2026-04-09 09:35:54'),
	(149, 'Ignacio', 'Mora', '096855184', 'elnachomora@gmail.com', '2026-04-09 12:48:07'),
	(150, 'Josse', 'Berrueta', '095963234', 'josseberrueta1@gmail.com', '2026-04-10 11:25:27'),
	(151, 'Nano', 'Colman', '091511202', 'nanocolman@gmail.com', '2026-04-13 01:50:09'),
	(152, 'Ignacio ', 'Arabia ', '099614545', NULL, '2026-04-13 09:26:07'),
	(153, 'Alexis', 'Jorge', '091060164', 'nunezalexis756@gmail.com', '2026-04-13 12:59:47'),
	(154, 'Ignacio ', 'Saravia ', '09853589', NULL, '2026-04-13 17:07:07'),
	(155, 'franco', 'nogueira', '095732118', 'francobaz87@gmail.com', '2026-04-13 18:02:37'),
	(156, 'Facundo', 'Botti', '098780056', 'facundobotti7@gmail.com', '2026-04-15 10:45:47'),
	(157, 'Cristian', 'Rissotto', '096499294', 'mathiasnahuelgimenohernandez@gmail.com', '2026-04-15 15:04:46'),
	(158, 'Ignacio Saravia ', 'Saravia', '099621543', NULL, '2026-04-16 09:18:20'),
	(159, 'Ignacio ', 'Saravia ', '099564354', NULL, '2026-04-16 09:19:55'),
	(160, 'Ignacio ', 'Saravia ', '099611456', NULL, '2026-04-16 10:53:24'),
	(161, 'Dylan ', 'Jordan ', '095252898', NULL, '2026-04-20 12:24:55'),
	(162, 'Ignacio ', 'Saravia', '096467899', NULL, '2026-04-22 09:42:07'),
	(163, 'Gonza ', 'Montes ', '9 3903 9358', NULL, '2026-04-22 13:25:24'),
	(164, 'Manu Vera cambio ', 'Cambio ', '096372889', NULL, '2026-04-23 13:41:27'),
	(165, '𝓑𝓻𝔂𝓪𝓷🥷🏻👑', 'Cuña', '096603414', 'cunabraian9@gmail.com', '2026-04-26 18:44:15'),
	(166, 'Miguel', 'Almeida ', '096679003', 'segovialuana72@gmail.com', '2026-04-27 17:43:56'),
	(167, 'Antonella', 'Echudez', '093627671', 'antoechudez12@gmail.com', '2026-04-28 18:46:25'),
	(168, 'Ignacio ', 'Saravia ', '098543578', NULL, '2026-04-29 09:44:01'),
	(169, 'Ignacio', 'Saravia', '095645678', NULL, '2026-04-29 09:44:39');
/*!40000 ALTER TABLE `cliente` ENABLE KEYS */;

-- Volcando estructura para tabla barber.horario_barbero
CREATE TABLE IF NOT EXISTS `horario_barbero` (
  `id_horario` int unsigned NOT NULL AUTO_INCREMENT,
  `id_barbero` int unsigned NOT NULL,
  `dia_semana` tinyint NOT NULL COMMENT '1=Lunes ... 7=Domingo',
  `hora_desde` time NOT NULL,
  `hora_hasta` time NOT NULL,
  `fecha_desde` date NOT NULL,
  `fecha_hasta` date NOT NULL,
  PRIMARY KEY (`id_horario`),
  KEY `fk_horario_barbero` (`id_barbero`),
  CONSTRAINT `fk_horario_barbero` FOREIGN KEY (`id_barbero`) REFERENCES `barbero` (`id_barbero`) ON DELETE CASCADE,
  CONSTRAINT `chk_hora_valida` CHECK ((`hora_desde` < `hora_hasta`))
) ENGINE=InnoDB AUTO_INCREMENT=39 DEFAULT CHARSET=utf8mb4 COLLATE=utf8mb4_0900_ai_ci;

-- Volcando datos para la tabla barber.horario_barbero: ~8 rows (aproximadamente)
/*!40000 ALTER TABLE `horario_barbero` DISABLE KEYS */;
INSERT INTO `horario_barbero` (`id_horario`, `id_barbero`, `dia_semana`, `hora_desde`, `hora_hasta`, `fecha_desde`, `fecha_hasta`) VALUES
	(13, 1, 6, '15:00:00', '20:20:00', '2026-02-07', '2026-02-15'),
	(21, 1, 2, '10:30:00', '17:00:00', '2026-02-24', '2026-03-01'),
	(32, 1, 1, '10:00:00', '19:00:00', '2026-03-02', '2026-12-02'),
	(34, 1, 3, '10:00:00', '19:00:00', '2026-03-04', '2026-12-04'),
	(35, 1, 4, '10:00:00', '19:00:00', '2026-03-05', '2026-12-05'),
	(36, 1, 5, '10:00:00', '19:00:00', '2026-03-06', '2026-12-06'),
	(37, 1, 6, '10:00:00', '19:00:00', '2026-03-07', '2026-12-07'),
	(38, 1, 2, '10:00:00', '19:00:00', '2026-03-03', '2026-12-03');
/*!40000 ALTER TABLE `horario_barbero` ENABLE KEYS */;

-- Volcando estructura para tabla barber.horario_excepcion
CREATE TABLE IF NOT EXISTS `horario_excepcion` (
  `id_excepcion` int NOT NULL AUTO_INCREMENT,
  `id_barbero` int unsigned NOT NULL,
  `fecha` date NOT NULL,
  `hora_desde` time DEFAULT NULL,
  `hora_hasta` time DEFAULT NULL,
  `tipo` enum('cierre','horario_especial') NOT NULL,
  PRIMARY KEY (`id_excepcion`),
  KEY `id_barbero` (`id_barbero`),
  CONSTRAINT `horario_excepcion_ibfk_1` FOREIGN KEY (`id_barbero`) REFERENCES `barbero` (`id_barbero`)
) ENGINE=InnoDB DEFAULT CHARSET=utf8mb4 COLLATE=utf8mb4_0900_ai_ci;

-- Volcando datos para la tabla barber.horario_excepcion: ~0 rows (aproximadamente)
/*!40000 ALTER TABLE `horario_excepcion` DISABLE KEYS */;
/*!40000 ALTER TABLE `horario_excepcion` ENABLE KEYS */;

-- Volcando estructura para tabla barber.servicio
CREATE TABLE IF NOT EXISTS `servicio` (
  `id_servicio` int unsigned NOT NULL AUTO_INCREMENT,
  `nombre` varchar(100) NOT NULL,
  `duracion_min` int unsigned NOT NULL,
  `precio` decimal(10,2) NOT NULL,
  `activo` tinyint(1) DEFAULT '1',
  `imagen` varchar(255) DEFAULT NULL,
  PRIMARY KEY (`id_servicio`)
) ENGINE=InnoDB AUTO_INCREMENT=35 DEFAULT CHARSET=utf8mb4 COLLATE=utf8mb4_0900_ai_ci;

-- Volcando datos para la tabla barber.servicio: ~3 rows (aproximadamente)
/*!40000 ALTER TABLE `servicio` DISABLE KEYS */;
INSERT INTO `servicio` (`id_servicio`, `nombre`, `duracion_min`, `precio`, `activo`, `imagen`) VALUES
	(1, 'Corte y cejas gratis', 45, 350.00, 1, '0a646127-ed2b-4f25-9c4e-cfe4975c22f0.jpg'),
	(2, 'Mechas y corte', 90, 1500.00, 1, 'e7b8fc01-4ab0-443a-a116-98683d0d968b.jpeg'),
	(3, 'Corte + Barba', 45, 400.00, 1, '636eff8a-e9c7-4f02-b9d0-11db74483127.jpg');
/*!40000 ALTER TABLE `servicio` ENABLE KEYS */;

-- Volcando estructura para tabla barber.visita
CREATE TABLE IF NOT EXISTS `visita` (
  `id_visita` int unsigned NOT NULL AUTO_INCREMENT,
  `fecha_hora` datetime NOT NULL,
  `estado` enum('CONFIRMADO','CANCELADO','COMPLETADO') NOT NULL,
  `id_cliente` int unsigned NOT NULL,
  `id_barbero` int unsigned NOT NULL,
  `id_servicio` int unsigned NOT NULL,
  `precio_al_reservar` decimal(10,2) DEFAULT NULL,
  `created_at` timestamp NULL DEFAULT CURRENT_TIMESTAMP,
  `notificado_wsp` tinyint(1) NOT NULL DEFAULT '0',
  PRIMARY KEY (`id_visita`),
  UNIQUE KEY `uk_barbero_fecha` (`id_barbero`,`fecha_hora`),
  KEY `fk_visita_cliente` (`id_cliente`),
  KEY `fk_visita_barbero` (`id_barbero`),
  KEY `fk_visita_servicio` (`id_servicio`),
  CONSTRAINT `fk_visita_barbero` FOREIGN KEY (`id_barbero`) REFERENCES `barbero` (`id_barbero`),
  CONSTRAINT `fk_visita_cliente` FOREIGN KEY (`id_cliente`) REFERENCES `cliente` (`id_cliente`),
  CONSTRAINT `fk_visita_servicio` FOREIGN KEY (`id_servicio`) REFERENCES `servicio` (`id_servicio`)
) ENGINE=InnoDB AUTO_INCREMENT=688 DEFAULT CHARSET=utf8mb4 COLLATE=utf8mb4_0900_ai_ci;

-- Volcando datos para la tabla barber.visita: ~552 rows (aproximadamente)
/*!40000 ALTER TABLE `visita` DISABLE KEYS */;
INSERT INTO `visita` (`id_visita`, `fecha_hora`, `estado`, `id_cliente`, `id_barbero`, `id_servicio`, `precio_al_reservar`, `created_at`, `notificado_wsp`) VALUES
	(1, '2026-01-15 18:00:00', 'COMPLETADO', 2, 1, 1, NULL, '2026-01-13 17:48:40', 0),
	(2, '2026-01-17 10:00:00', 'COMPLETADO', 3, 1, 1, NULL, '2026-01-13 23:40:48', 0),
	(3, '2026-01-16 15:20:00', 'COMPLETADO', 4, 1, 1, NULL, '2026-01-13 23:50:56', 0),
	(4, '2026-01-14 11:30:00', 'COMPLETADO', 5, 1, 1, NULL, '2026-01-14 00:01:10', 0),
	(5, '2026-01-15 10:45:00', 'COMPLETADO', 6, 1, 1, NULL, '2026-01-14 00:31:49', 0),
	(6, '2026-01-14 13:00:00', 'COMPLETADO', 7, 1, 1, NULL, '2026-01-14 01:17:24', 0),
	(7, '2026-01-14 10:45:00', 'COMPLETADO', 8, 1, 3, NULL, '2026-01-14 03:21:09', 0),
	(8, '2026-01-16 10:45:00', 'COMPLETADO', 9, 1, 3, NULL, '2026-01-14 04:31:52', 0),
	(9, '2026-01-15 13:45:00', 'COMPLETADO', 10, 1, 3, NULL, '2026-01-14 05:44:29', 0),
	(10, '2026-01-16 17:30:00', 'COMPLETADO', 11, 1, 1, NULL, '2026-01-14 06:15:49', 0),
	(11, '2026-01-16 10:00:00', 'COMPLETADO', 12, 1, 1, NULL, '2026-01-14 06:34:54', 0),
	(12, '2026-01-14 12:15:00', 'COMPLETADO', 13, 1, 1, NULL, '2026-01-14 06:54:50', 0),
	(13, '2026-01-14 13:45:00', 'COMPLETADO', 14, 1, 1, NULL, '2026-01-14 06:56:54', 0),
	(14, '2026-01-16 16:45:00', 'COMPLETADO', 15, 1, 3, NULL, '2026-01-14 07:37:53', 0),
	(15, '2026-01-17 15:15:00', 'COMPLETADO', 16, 1, 1, NULL, '2026-01-14 07:54:54', 0),
	(16, '2026-01-15 10:00:00', 'COMPLETADO', 17, 1, 1, NULL, '2026-01-14 08:54:30', 0),
	(17, '2026-01-14 10:00:00', 'COMPLETADO', 18, 1, 1, NULL, '2026-01-14 09:42:53', 0),
	(18, '2026-01-14 17:30:00', 'COMPLETADO', 19, 1, 1, NULL, '2026-01-14 10:28:18', 0),
	(19, '2026-01-14 18:15:00', 'COMPLETADO', 2, 1, 1, NULL, '2026-01-14 11:39:16', 0),
	(20, '2026-01-15 11:30:00', 'COMPLETADO', 9, 1, 1, NULL, '2026-01-14 11:47:34', 0),
	(21, '2026-01-14 16:45:00', 'COMPLETADO', 20, 1, 1, NULL, '2026-01-14 12:39:49', 0),
	(23, '2026-01-16 18:15:00', 'COMPLETADO', 21, 1, 3, NULL, '2026-01-14 20:55:08', 0),
	(28, '2026-01-15 16:45:00', 'COMPLETADO', 22, 1, 3, NULL, '2026-01-14 22:19:29', 0),
	(31, '2026-01-15 16:00:00', 'COMPLETADO', 23, 1, 1, NULL, '2026-01-15 12:35:57', 0),
	(32, '2026-01-16 13:00:00', 'COMPLETADO', 24, 1, 3, NULL, '2026-01-16 09:25:29', 0),
	(33, '2026-01-17 12:15:00', 'COMPLETADO', 12, 1, 1, NULL, '2026-01-16 09:29:17', 0),
	(34, '2026-01-17 13:00:00', 'COMPLETADO', 12, 1, 1, NULL, '2026-01-16 09:29:35', 0),
	(35, '2026-01-19 10:00:00', 'COMPLETADO', 25, 1, 1, NULL, '2026-01-16 19:37:11', 1),
	(36, '2026-01-19 12:15:00', 'COMPLETADO', 12, 1, 1, NULL, '2026-01-16 20:03:20', 1),
	(37, '2026-01-19 13:00:00', 'COMPLETADO', 12, 1, 1, NULL, '2026-01-16 20:03:47', 1),
	(38, '2026-01-17 16:00:00', 'COMPLETADO', 26, 1, 1, NULL, '2026-01-16 22:04:52', 0),
	(41, '2026-01-19 10:45:00', 'COMPLETADO', 28, 1, 1, NULL, '2026-01-18 07:35:03', 1),
	(42, '2026-01-19 11:30:00', 'COMPLETADO', 28, 1, 1, NULL, '2026-01-18 07:35:45', 1),
	(43, '2026-01-20 15:15:00', 'COMPLETADO', 29, 1, 1, NULL, '2026-01-18 13:40:51', 1),
	(50, '2026-01-19 16:00:00', 'COMPLETADO', 32, 1, 1, NULL, '2026-01-18 21:24:21', 1),
	(54, '2026-01-20 10:00:00', 'COMPLETADO', 12, 1, 1, NULL, '2026-01-19 11:59:30', 1),
	(55, '2026-01-20 10:45:00', 'COMPLETADO', 8, 1, 1, NULL, '2026-01-19 11:59:43', 0),
	(56, '2026-01-20 11:30:00', 'COMPLETADO', 12, 1, 1, NULL, '2026-01-19 22:07:24', 1),
	(57, '2026-01-20 13:00:00', 'COMPLETADO', 33, 1, 1, NULL, '2026-01-20 00:39:00', 1),
	(58, '2026-01-24 10:00:00', 'COMPLETADO', 34, 1, 3, NULL, '2026-01-20 09:54:46', 1),
	(59, '2026-01-20 16:00:00', 'COMPLETADO', 32, 1, 1, NULL, '2026-01-20 10:49:55', 1),
	(60, '2026-01-23 16:45:00', 'COMPLETADO', 15, 1, 2, NULL, '2026-01-20 15:49:24', 1),
	(61, '2026-01-21 10:45:00', 'COMPLETADO', 35, 1, 1, NULL, '2026-01-20 22:26:01', 1),
	(62, '2026-01-23 18:15:00', 'COMPLETADO', 36, 1, 1, NULL, '2026-01-20 22:26:45', 1),
	(63, '2026-01-21 15:15:00', 'COMPLETADO', 37, 1, 1, NULL, '2026-01-20 22:26:56', 1),
	(64, '2026-01-21 12:15:00', 'COMPLETADO', 9, 1, 1, NULL, '2026-01-20 22:35:27', 1),
	(65, '2026-01-22 10:45:00', 'COMPLETADO', 38, 1, 1, NULL, '2026-01-20 22:38:37', 1),
	(66, '2026-01-21 17:30:00', 'COMPLETADO', 39, 1, 1, NULL, '2026-01-20 22:42:01', 1),
	(67, '2026-01-23 15:15:00', 'COMPLETADO', 4, 1, 1, NULL, '2026-01-20 22:43:29', 1),
	(68, '2026-01-21 16:45:00', 'COMPLETADO', 21, 1, 3, NULL, '2026-01-20 22:46:38', 1),
	(69, '2026-01-22 17:30:00', 'COMPLETADO', 40, 1, 1, NULL, '2026-01-20 22:59:35', 1),
	(70, '2026-01-21 13:00:00', 'COMPLETADO', 41, 1, 3, NULL, '2026-01-20 23:01:20', 1),
	(71, '2026-01-22 13:00:00', 'COMPLETADO', 10, 1, 3, NULL, '2026-01-20 23:01:27', 1),
	(72, '2026-01-22 16:45:00', 'COMPLETADO', 8, 1, 1, NULL, '2026-01-20 23:19:17', 0),
	(73, '2026-01-24 10:45:00', 'COMPLETADO', 42, 1, 3, NULL, '2026-01-21 06:04:19', 1),
	(74, '2026-01-24 11:30:00', 'COMPLETADO', 43, 1, 3, NULL, '2026-01-21 08:53:55', 1),
	(75, '2026-01-21 18:15:00', 'COMPLETADO', 44, 1, 1, NULL, '2026-01-21 09:35:18', 1),
	(76, '2026-01-21 10:00:00', 'COMPLETADO', 18, 1, 1, NULL, '2026-01-21 09:36:06', 1),
	(77, '2026-01-24 13:00:00', 'COMPLETADO', 11, 1, 1, NULL, '2026-01-21 11:25:28', 1),
	(78, '2026-01-21 16:00:00', 'COMPLETADO', 45, 1, 3, NULL, '2026-01-21 12:32:00', 1),
	(79, '2026-01-22 11:30:00', 'COMPLETADO', 5, 1, 1, NULL, '2026-01-21 12:59:47', 1),
	(81, '2026-01-24 15:15:00', 'COMPLETADO', 46, 1, 1, NULL, '2026-01-21 20:30:40', 1),
	(82, '2026-01-22 15:15:00', 'COMPLETADO', 47, 1, 3, NULL, '2026-01-21 22:52:29', 1),
	(83, '2026-01-22 10:00:00', 'COMPLETADO', 18, 1, 1, NULL, '2026-01-22 09:33:08', 1),
	(84, '2026-01-23 16:00:00', 'COMPLETADO', 48, 1, 3, NULL, '2026-01-22 10:00:35', 1),
	(85, '2026-01-24 16:00:00', 'COMPLETADO', 16, 1, 1, NULL, '2026-01-22 12:47:48', 1),
	(86, '2026-01-23 13:00:00', 'COMPLETADO', 49, 1, 1, NULL, '2026-01-22 13:54:15', 1),
	(87, '2026-01-24 12:15:00', 'COMPLETADO', 17, 1, 1, NULL, '2026-01-22 14:27:21', 1),
	(88, '2026-01-22 16:00:00', 'COMPLETADO', 18, 1, 1, NULL, '2026-01-22 15:08:38', 1),
	(89, '2026-01-22 18:15:00', 'COMPLETADO', 50, 1, 1, NULL, '2026-01-22 15:10:03', 1),
	(90, '2026-01-24 16:45:00', 'COMPLETADO', 51, 1, 1, NULL, '2026-01-22 19:16:06', 1),
	(92, '2026-01-23 10:00:00', 'COMPLETADO', 23, 1, 1, NULL, '2026-01-22 20:19:08', 1),
	(94, '2026-01-26 18:15:00', 'COMPLETADO', 2, 1, 1, NULL, '2026-01-23 11:07:20', 1),
	(95, '2026-01-23 11:30:00', 'COMPLETADO', 18, 1, 1, NULL, '2026-01-23 11:20:48', 1),
	(96, '2026-01-23 12:15:00', 'COMPLETADO', 18, 1, 1, NULL, '2026-01-23 11:21:14', 1),
	(97, '2026-01-24 18:15:00', 'COMPLETADO', 2, 1, 1, NULL, '2026-01-23 11:36:46', 1),
	(98, '2026-01-24 17:30:00', 'COMPLETADO', 52, 1, 1, NULL, '2026-01-23 12:46:35', 1),
	(99, '2026-01-26 15:15:00', 'COMPLETADO', 7, 1, 1, NULL, '2026-01-23 21:16:36', 1),
	(100, '2026-01-26 16:00:00', 'COMPLETADO', 7, 1, 1, NULL, '2026-01-23 21:17:19', 1),
	(103, '2026-02-07 16:30:00', 'COMPLETADO', 18, 1, 1, NULL, '2026-02-06 22:02:07', 1),
	(104, '2026-02-07 15:45:00', 'COMPLETADO', 16, 1, 1, NULL, '2026-02-06 22:05:37', 1),
	(105, '2026-02-07 18:00:00', 'COMPLETADO', 53, 1, 1, NULL, '2026-02-06 22:06:42', 1),
	(106, '2026-02-07 15:00:00', 'COMPLETADO', 54, 1, 1, NULL, '2026-02-06 22:08:21', 1),
	(107, '2026-02-09 16:30:00', 'COMPLETADO', 12, 1, 1, NULL, '2026-02-06 22:10:49', 1),
	(108, '2026-02-07 17:15:00', 'COMPLETADO', 55, 1, 1, NULL, '2026-02-06 22:26:55', 1),
	(109, '2026-02-13 18:45:00', 'COMPLETADO', 1, 1, 1, NULL, '2026-02-06 22:34:18', 1),
	(110, '2026-02-07 18:45:00', 'COMPLETADO', 56, 1, 2, NULL, '2026-02-06 23:10:55', 1),
	(111, '2026-02-09 17:15:00', 'COMPLETADO', 6, 1, 1, NULL, '2026-02-07 09:49:25', 1),
	(112, '2026-02-09 15:45:00', 'COMPLETADO', 57, 1, 1, NULL, '2026-02-07 18:06:17', 1),
	(113, '2026-02-10 15:00:00', 'COMPLETADO', 7, 1, 1, NULL, '2026-02-08 22:35:21', 1),
	(114, '2026-02-10 15:45:00', 'COMPLETADO', 7, 1, 1, NULL, '2026-02-08 22:35:59', 1),
	(115, '2026-02-14 15:00:00', 'COMPLETADO', 58, 1, 1, NULL, '2026-02-09 00:40:35', 1),
	(116, '2026-02-09 15:00:00', 'COMPLETADO', 18, 1, 1, NULL, '2026-02-09 10:06:22', 1),
	(117, '2026-02-10 16:30:00', 'COMPLETADO', 59, 1, 1, NULL, '2026-02-09 14:57:19', 1),
	(118, '2026-02-12 18:45:00', 'COMPLETADO', 60, 1, 1, NULL, '2026-02-09 16:55:52', 1),
	(119, '2026-02-13 17:15:00', 'COMPLETADO', 15, 1, 3, NULL, '2026-02-09 18:35:06', 1),
	(120, '2026-02-10 17:15:00', 'COMPLETADO', 61, 1, 2, NULL, '2026-02-09 19:06:59', 1),
	(121, '2026-02-13 15:00:00', 'COMPLETADO', 34, 1, 1, NULL, '2026-02-09 23:58:46', 1),
	(122, '2026-02-10 18:45:00', 'COMPLETADO', 36, 1, 1, NULL, '2026-02-10 06:39:21', 1),
	(123, '2026-02-10 19:30:00', 'CANCELADO', 62, 1, 3, NULL, '2026-02-10 10:03:24', 0),
	(124, '2026-02-13 18:00:00', 'COMPLETADO', 19, 1, 1, NULL, '2026-02-10 13:16:26', 1),
	(125, '2026-02-11 15:00:00', 'COMPLETADO', 4, 1, 1, NULL, '2026-02-10 13:40:38', 1),
	(126, '2026-02-14 17:15:00', 'COMPLETADO', 36, 1, 1, NULL, '2026-02-10 13:53:27', 1),
	(127, '2026-02-14 15:45:00', 'COMPLETADO', 43, 1, 3, NULL, '2026-02-10 14:33:39', 1),
	(128, '2026-02-11 19:30:00', 'COMPLETADO', 41, 1, 3, NULL, '2026-02-10 23:54:39', 1),
	(129, '2026-02-16 15:00:00', 'COMPLETADO', 6, 1, 1, NULL, '2026-02-11 00:25:25', 1),
	(130, '2026-02-13 15:45:00', 'COMPLETADO', 17, 1, 1, NULL, '2026-02-11 02:23:41', 1),
	(131, '2026-02-11 15:45:00', 'COMPLETADO', 49, 1, 1, NULL, '2026-02-11 08:54:09', 1),
	(132, '2026-02-11 18:00:00', 'COMPLETADO', 5, 1, 1, NULL, '2026-02-11 11:42:31', 1),
	(133, '2026-02-11 18:45:00', 'COMPLETADO', 18, 1, 1, NULL, '2026-02-11 13:01:00', 1),
	(134, '2026-02-20 15:00:00', 'COMPLETADO', 11, 1, 1, NULL, '2026-02-11 16:49:59', 1),
	(135, '2026-02-12 15:00:00', 'COMPLETADO', 63, 1, 1, NULL, '2026-02-11 19:34:35', 1),
	(136, '2026-02-13 16:30:00', 'COMPLETADO', 64, 1, 1, NULL, '2026-02-11 19:50:33', 1),
	(137, '2026-02-14 16:30:00', 'COMPLETADO', 48, 1, 3, NULL, '2026-02-11 20:24:33', 1),
	(138, '2026-02-12 16:30:00', 'COMPLETADO', 59, 1, 1, NULL, '2026-02-11 23:02:47', 1),
	(139, '2026-02-14 18:00:00', 'COMPLETADO', 16, 1, 1, NULL, '2026-02-12 14:14:25', 1),
	(140, '2026-02-12 19:30:00', 'COMPLETADO', 65, 1, 1, NULL, '2026-02-12 16:40:28', 1),
	(141, '2026-02-13 19:30:00', 'COMPLETADO', 46, 1, 1, NULL, '2026-02-12 16:56:47', 1),
	(142, '2026-02-14 18:45:00', 'COMPLETADO', 53, 1, 1, NULL, '2026-02-12 19:10:12', 1),
	(143, '2026-02-19 17:15:00', 'COMPLETADO', 8, 1, 1, NULL, '2026-02-12 21:19:02', 0),
	(144, '2026-02-16 15:45:00', 'COMPLETADO', 66, 1, 3, NULL, '2026-02-13 08:10:21', 1),
	(145, '2026-02-14 19:30:00', 'COMPLETADO', 67, 1, 1, NULL, '2026-02-13 20:16:53', 1),
	(146, '2026-02-17 15:00:00', 'COMPLETADO', 21, 1, 3, NULL, '2026-02-15 21:07:07', 1),
	(147, '2026-02-16 10:30:00', 'COMPLETADO', 68, 1, 1, NULL, '2026-02-15 21:37:56', 1),
	(148, '2026-02-21 11:15:00', 'COMPLETADO', 35, 1, 1, NULL, '2026-02-16 00:24:56', 1),
	(149, '2026-02-18 12:00:00', 'COMPLETADO', 5, 1, 1, NULL, '2026-02-16 12:09:54', 1),
	(150, '2026-02-20 17:15:00', 'COMPLETADO', 36, 1, 1, NULL, '2026-02-16 12:36:07', 1),
	(151, '2026-02-16 16:30:00', 'COMPLETADO', 50, 1, 1, NULL, '2026-02-16 15:20:33', 1),
	(152, '2026-02-17 16:30:00', 'COMPLETADO', 35, 1, 1, NULL, '2026-02-16 16:55:21', 1),
	(154, '2026-02-16 18:00:00', 'COMPLETADO', 69, 1, 3, NULL, '2026-02-16 17:46:22', 1),
	(156, '2026-02-21 12:45:00', 'COMPLETADO', 17, 1, 1, NULL, '2026-02-16 19:31:02', 1),
	(157, '2026-02-17 12:45:00', 'COMPLETADO', 5, 1, 1, NULL, '2026-02-17 02:25:45', 1),
	(158, '2026-02-17 10:30:00', 'COMPLETADO', 18, 1, 1, NULL, '2026-02-17 10:15:31', 1),
	(159, '2026-02-17 11:15:00', 'COMPLETADO', 18, 1, 1, NULL, '2026-02-17 10:15:56', 1),
	(160, '2026-02-17 12:00:00', 'COMPLETADO', 70, 1, 1, NULL, '2026-02-17 11:39:55', 1),
	(161, '2026-02-20 16:30:00', 'COMPLETADO', 12, 1, 1, NULL, '2026-02-17 11:54:28', 1),
	(162, '2026-02-17 17:15:00', 'COMPLETADO', 71, 1, 1, NULL, '2026-02-17 12:25:50', 1),
	(163, '2026-02-17 15:45:00', 'COMPLETADO', 72, 1, 3, NULL, '2026-02-17 13:38:03', 1),
	(164, '2026-02-17 18:00:00', 'COMPLETADO', 73, 1, 1, NULL, '2026-02-17 16:57:58', 1),
	(165, '2026-02-21 15:00:00', 'COMPLETADO', 1, 1, 2, NULL, '2026-02-17 17:31:45', 1),
	(166, '2026-02-21 17:15:00', 'COMPLETADO', 8, 1, 1, NULL, '2026-02-17 18:21:41', 0),
	(167, '2026-02-20 18:00:00', 'CANCELADO', 74, 1, 3, NULL, '2026-02-18 06:02:11', 0),
	(168, '2026-02-18 10:30:00', 'COMPLETADO', 18, 1, 1, NULL, '2026-02-18 10:21:17', 1),
	(169, '2026-02-21 16:30:00', 'COMPLETADO', 24, 1, 3, NULL, '2026-02-18 18:05:40', 1),
	(170, '2026-02-20 12:45:00', 'CANCELADO', 29, 1, 1, NULL, '2026-02-18 21:29:53', 1),
	(171, '2026-02-19 13:15:00', 'COMPLETADO', 75, 1, 1, NULL, '2026-02-18 21:42:38', 1),
	(172, '2026-02-21 10:30:00', 'COMPLETADO', 64, 1, 1, NULL, '2026-02-18 23:08:55', 1),
	(173, '2026-02-20 10:30:00', 'COMPLETADO', 19, 1, 1, NULL, '2026-02-19 00:55:48', 1),
	(174, '2026-02-19 12:30:00', 'COMPLETADO', 29, 1, 1, NULL, '2026-02-19 01:10:24', 1),
	(175, '2026-02-19 11:45:00', 'CANCELADO', 76, 1, 3, NULL, '2026-02-19 06:56:37', 0),
	(176, '2026-02-20 15:45:00', 'COMPLETADO', 76, 1, 3, NULL, '2026-02-19 07:32:56', 1),
	(177, '2026-02-26 12:30:00', 'COMPLETADO', 77, 1, 3, NULL, '2026-02-19 09:53:17', 1),
	(178, '2026-02-19 10:15:00', 'COMPLETADO', 18, 1, 1, NULL, '2026-02-19 10:11:26', 1),
	(179, '2026-02-21 12:00:00', 'COMPLETADO', 43, 1, 3, NULL, '2026-02-19 11:03:26', 1),
	(180, '2026-02-21 18:00:00', 'COMPLETADO', 8, 1, 1, NULL, '2026-02-19 15:42:18', 0),
	(181, '2026-02-20 11:15:00', 'COMPLETADO', 15, 1, 3, NULL, '2026-02-20 08:50:02', 1),
	(182, '2026-02-20 12:00:00', 'COMPLETADO', 18, 1, 1, NULL, '2026-02-20 10:52:20', 1),
	(202, '2026-02-23 15:00:00', 'COMPLETADO', 81, 1, 1, NULL, '2026-02-20 17:33:21', 1),
	(213, '2026-02-26 11:00:00', 'COMPLETADO', 84, 1, 1, NULL, '2026-02-20 21:47:33', 1),
	(214, '2026-02-27 17:15:00', 'COMPLETADO', 8, 1, 1, NULL, '2026-02-21 17:25:28', 1),
	(215, '2026-02-23 18:00:00', 'COMPLETADO', 45, 1, 3, NULL, '2026-02-22 20:02:30', 1),
	(216, '2026-02-24 10:30:00', 'COMPLETADO', 8, 1, 1, NULL, '2026-02-24 07:43:10', 0),
	(217, '2026-02-24 11:15:00', 'COMPLETADO', 8, 1, 1, NULL, '2026-02-24 07:43:31', 0),
	(218, '2026-02-27 15:45:00', 'COMPLETADO', 4, 1, 1, NULL, '2026-02-24 08:16:12', 1),
	(219, '2026-02-25 15:00:00', 'COMPLETADO', 7, 1, 1, NULL, '2026-02-24 08:20:16', 1),
	(220, '2026-02-25 15:45:00', 'COMPLETADO', 7, 1, 1, NULL, '2026-02-24 08:20:54', 1),
	(221, '2026-02-27 10:30:00', 'COMPLETADO', 85, 1, 1, NULL, '2026-02-24 08:57:33', 1),
	(222, '2026-02-25 18:00:00', 'COMPLETADO', 45, 1, 3, NULL, '2026-02-24 09:11:22', 1),
	(223, '2026-02-26 16:30:00', 'COMPLETADO', 12, 1, 1, NULL, '2026-02-24 09:13:52', 1),
	(224, '2026-02-24 12:00:00', 'COMPLETADO', 86, 1, 1, NULL, '2026-02-24 09:25:08', 1),
	(225, '2026-02-24 12:45:00', 'COMPLETADO', 72, 1, 3, NULL, '2026-02-24 09:30:06', 1),
	(226, '2026-02-28 10:30:00', 'COMPLETADO', 8, 1, 1, NULL, '2026-02-24 09:40:36', 1),
	(227, '2026-02-24 15:00:00', 'COMPLETADO', 20, 1, 1, NULL, '2026-02-24 09:45:52', 1),
	(228, '2026-02-28 11:15:00', 'COMPLETADO', 43, 1, 3, NULL, '2026-02-24 09:50:21', 1),
	(229, '2026-02-27 11:15:00', 'COMPLETADO', 87, 1, 1, NULL, '2026-02-24 09:57:44', 1),
	(230, '2026-02-26 17:15:00', 'COMPLETADO', 49, 1, 1, NULL, '2026-02-24 10:18:36', 1),
	(231, '2026-02-28 15:00:00', 'COMPLETADO', 88, 1, 2, NULL, '2026-02-24 10:38:24', 1),
	(232, '2026-02-27 15:00:00', 'COMPLETADO', 2, 1, 1, NULL, '2026-02-24 10:59:48', 1),
	(233, '2026-02-26 18:00:00', 'COMPLETADO', 32, 1, 1, NULL, '2026-02-24 11:05:40', 1),
	(234, '2026-02-25 10:30:00', 'COMPLETADO', 89, 1, 1, NULL, '2026-02-24 11:46:44', 1),
	(235, '2026-02-24 15:45:00', 'COMPLETADO', 19, 1, 1, NULL, '2026-02-24 12:01:26', 1),
	(236, '2026-02-28 12:00:00', 'COMPLETADO', 46, 1, 1, NULL, '2026-02-24 15:18:15', 1),
	(238, '2026-02-25 11:15:00', 'COMPLETADO', 90, 1, 1, NULL, '2026-02-25 00:13:33', 1),
	(239, '2026-02-27 12:45:00', 'COMPLETADO', 91, 1, 1, NULL, '2026-02-25 10:48:35', 1),
	(240, '2026-02-25 12:00:00', 'COMPLETADO', 92, 1, 1, NULL, '2026-02-25 11:44:51', 1),
	(241, '2026-02-25 17:15:00', 'COMPLETADO', 6, 1, 1, NULL, '2026-02-25 12:33:55', 1),
	(242, '2026-02-27 18:00:00', 'COMPLETADO', 36, 1, 1, NULL, '2026-02-25 12:35:08', 1),
	(243, '2026-02-28 17:15:00', 'COMPLETADO', 93, 1, 1, NULL, '2026-02-25 12:54:35', 1),
	(244, '2026-02-27 16:30:00', 'COMPLETADO', 16, 1, 1, NULL, '2026-02-25 13:17:15', 1),
	(245, '2026-02-26 15:45:00', 'COMPLETADO', 20, 1, 1, NULL, '2026-02-25 14:23:12', 1),
	(248, '2026-03-02 10:30:00', 'COMPLETADO', 85, 1, 1, NULL, '2026-02-25 21:06:43', 1),
	(249, '2026-03-02 11:15:00', 'COMPLETADO', 85, 1, 1, NULL, '2026-02-25 21:07:22', 1),
	(250, '2026-02-27 12:00:00', 'COMPLETADO', 11, 1, 1, NULL, '2026-02-25 22:54:05', 1),
	(251, '2026-02-26 14:15:00', 'COMPLETADO', 18, 1, 1, NULL, '2026-02-26 13:34:41', 1),
	(252, '2026-02-26 15:00:00', 'COMPLETADO', 95, 1, 1, NULL, '2026-02-26 13:35:00', 1),
	(253, '2026-02-27 14:15:00', 'CANCELADO', 64, 1, 1, NULL, '2026-02-26 15:44:10', 0),
	(254, '2026-02-28 12:45:00', 'COMPLETADO', 64, 1, 1, NULL, '2026-02-26 15:45:40', 1),
	(255, '2026-02-28 14:15:00', 'CANCELADO', 96, 1, 1, NULL, '2026-02-26 15:50:02', 0),
	(256, '2026-02-28 16:30:00', 'COMPLETADO', 64, 1, 1, NULL, '2026-02-26 15:53:42', 1),
	(257, '2026-02-28 18:00:00', 'COMPLETADO', 39, 1, 1, NULL, '2026-02-26 19:57:23', 1),
	(285, '2026-03-02 12:00:00', 'COMPLETADO', 100, 1, 1, NULL, '2026-02-27 13:36:32', 1),
	(292, '2026-03-02 15:00:00', 'COMPLETADO', 101, 1, 1, NULL, '2026-02-27 14:58:43', 1),
	(306, '2026-03-02 17:15:00', 'COMPLETADO', 103, 1, 1, NULL, '2026-02-28 14:19:23', 1),
	(307, '2026-03-05 17:15:00', 'COMPLETADO', 104, 1, 3, NULL, '2026-02-28 22:06:54', 1),
	(308, '2026-03-04 16:30:00', 'COMPLETADO', 15, 1, 1, NULL, '2026-03-01 15:52:44', 1),
	(309, '2026-03-04 17:15:00', 'COMPLETADO', 15, 1, 1, NULL, '2026-03-01 15:53:13', 1),
	(310, '2026-03-02 16:30:00', 'COMPLETADO', 21, 1, 3, NULL, '2026-03-02 00:42:16', 1),
	(312, '2026-03-02 18:00:00', 'COMPLETADO', 97, 1, 3, NULL, '2026-03-02 13:35:10', 1),
	(313, '2026-03-03 15:00:00', 'COMPLETADO', 101, 1, 1, NULL, '2026-03-02 14:17:19', 1),
	(314, '2026-03-04 15:00:00', 'COMPLETADO', 41, 1, 1, NULL, '2026-03-02 14:41:50', 1),
	(315, '2026-03-02 15:45:00', 'COMPLETADO', 105, 1, 1, NULL, '2026-03-02 14:46:58', 1),
	(316, '2026-03-03 18:00:00', 'COMPLETADO', 49, 1, 1, NULL, '2026-03-02 15:23:49', 1),
	(317, '2026-03-07 15:00:00', 'COMPLETADO', 78, 1, 3, NULL, '2026-03-02 18:27:15', 1),
	(318, '2026-03-03 11:15:00', 'COMPLETADO', 5, 1, 1, NULL, '2026-03-02 23:55:19', 1),
	(319, '2026-03-03 16:30:00', 'COMPLETADO', 18, 1, 1, NULL, '2026-03-03 01:48:22', 1),
	(320, '2026-03-03 17:15:00', 'COMPLETADO', 18, 1, 1, NULL, '2026-03-03 01:48:39', 1),
	(321, '2026-03-03 10:30:00', 'COMPLETADO', 106, 1, 1, NULL, '2026-03-03 09:40:50', 1),
	(322, '2026-03-03 15:45:00', 'COMPLETADO', 72, 1, 3, NULL, '2026-03-03 12:38:04', 1),
	(323, '2026-03-04 18:00:00', 'COMPLETADO', 107, 1, 1, NULL, '2026-03-03 17:22:34', 1),
	(324, '2026-03-06 17:15:00', 'COMPLETADO', 36, 1, 1, NULL, '2026-03-03 18:13:53', 1),
	(325, '2026-03-04 15:45:00', 'COMPLETADO', 59, 1, 1, NULL, '2026-03-04 00:29:51', 1),
	(326, '2026-03-06 15:45:00', 'COMPLETADO', 4, 1, 1, NULL, '2026-03-04 08:03:03', 1),
	(327, '2026-03-04 10:30:00', 'COMPLETADO', 37, 1, 1, NULL, '2026-03-04 08:45:42', 1),
	(328, '2026-03-04 11:15:00', 'COMPLETADO', 108, 1, 1, NULL, '2026-03-04 10:46:51', 1),
	(329, '2026-03-09 15:00:00', 'COMPLETADO', 17, 1, 1, NULL, '2026-03-04 16:54:47', 1),
	(330, '2026-03-07 11:15:00', 'COMPLETADO', 109, 1, 1, NULL, '2026-03-04 17:13:50', 1),
	(331, '2026-03-07 10:30:00', 'COMPLETADO', 64, 1, 1, NULL, '2026-03-04 18:46:03', 1),
	(332, '2026-03-06 11:15:00', 'COMPLETADO', 11, 1, 1, NULL, '2026-03-04 19:05:58', 1),
	(333, '2026-03-07 17:15:00', 'COMPLETADO', 24, 1, 3, NULL, '2026-03-04 20:48:43', 1),
	(334, '2026-03-05 16:30:00', 'COMPLETADO', 18, 1, 1, NULL, '2026-03-04 22:23:11', 1),
	(335, '2026-03-06 16:30:00', 'COMPLETADO', 18, 1, 1, NULL, '2026-03-04 22:26:46', 1),
	(336, '2026-03-05 18:00:00', 'COMPLETADO', 110, 1, 1, NULL, '2026-03-04 23:15:27', 1),
	(337, '2026-03-05 15:00:00', 'COMPLETADO', 92, 1, 1, NULL, '2026-03-05 00:06:26', 1),
	(338, '2026-03-07 15:45:00', 'COMPLETADO', 111, 1, 1, NULL, '2026-03-05 05:21:39', 1),
	(339, '2026-03-05 10:30:00', 'COMPLETADO', 86, 1, 1, NULL, '2026-03-05 06:31:56', 1),
	(340, '2026-03-05 15:45:00', 'COMPLETADO', 13, 1, 1, NULL, '2026-03-05 06:34:27', 1),
	(341, '2026-03-05 11:15:00', 'COMPLETADO', 92, 1, 1, NULL, '2026-03-05 08:56:10', 1),
	(342, '2026-03-07 16:30:00', 'COMPLETADO', 43, 1, 3, NULL, '2026-03-05 09:02:18', 1),
	(343, '2026-03-06 18:00:00', 'COMPLETADO', 2, 1, 1, NULL, '2026-03-05 09:44:31', 1),
	(344, '2026-03-07 18:00:00', 'COMPLETADO', 56, 1, 1, NULL, '2026-03-05 10:44:26', 1),
	(345, '2026-03-06 15:00:00', 'CANCELADO', 76, 1, 3, NULL, '2026-03-05 14:54:43', 0),
	(346, '2026-03-14 10:30:00', 'COMPLETADO', 32, 1, 1, NULL, '2026-03-05 17:15:16', 1),
	(347, '2026-03-09 15:45:00', 'COMPLETADO', 34, 1, 3, NULL, '2026-03-06 10:47:53', 1),
	(361, '2026-03-14 11:15:00', 'COMPLETADO', 112, 1, 1, NULL, '2026-03-07 08:28:14', 1),
	(362, '2026-03-13 18:00:00', 'COMPLETADO', 65, 1, 1, NULL, '2026-03-08 14:13:11', 1),
	(363, '2026-03-11 16:30:00', 'COMPLETADO', 18, 1, 1, NULL, '2026-03-09 22:29:18', 1),
	(364, '2026-03-12 16:30:00', 'COMPLETADO', 18, 1, 1, NULL, '2026-03-09 22:29:46', 1),
	(365, '2026-03-13 17:15:00', 'COMPLETADO', 78, 1, 3, NULL, '2026-03-09 22:34:05', 1),
	(366, '2026-03-13 11:15:00', 'COMPLETADO', 38, 1, 1, NULL, '2026-03-09 22:47:08', 1),
	(367, '2026-03-11 15:00:00', 'COMPLETADO', 7, 1, 1, NULL, '2026-03-09 22:51:12', 1),
	(368, '2026-03-18 18:00:00', 'COMPLETADO', 6, 1, 1, NULL, '2026-03-09 22:58:14', 0),
	(369, '2026-03-12 11:15:00', 'COMPLETADO', 91, 1, 1, NULL, '2026-03-10 01:26:07', 1),
	(370, '2026-03-10 15:00:00', 'COMPLETADO', 5, 1, 1, NULL, '2026-03-10 06:53:08', 1),
	(371, '2026-03-13 15:00:00', 'COMPLETADO', 34, 1, 3, NULL, '2026-03-10 07:09:47', 1),
	(372, '2026-03-10 18:00:00', 'COMPLETADO', 113, 1, 1, NULL, '2026-03-10 08:16:50', 1),
	(373, '2026-03-10 11:15:00', 'COMPLETADO', 114, 1, 3, NULL, '2026-03-10 08:17:59', 1),
	(374, '2026-03-10 10:30:00', 'COMPLETADO', 115, 1, 3, NULL, '2026-03-10 09:06:23', 1),
	(375, '2026-03-13 16:30:00', 'COMPLETADO', 20, 1, 1, NULL, '2026-03-10 11:33:31', 1),
	(376, '2026-03-14 15:45:00', 'COMPLETADO', 43, 1, 3, NULL, '2026-03-10 13:36:05', 1),
	(377, '2026-03-13 15:45:00', 'COMPLETADO', 4, 1, 1, NULL, '2026-03-10 14:09:43', 1),
	(378, '2026-03-10 17:15:00', 'COMPLETADO', 16, 1, 1, NULL, '2026-03-10 16:08:29', 1),
	(379, '2026-03-11 17:15:00', 'COMPLETADO', 116, 1, 1, NULL, '2026-03-10 16:31:41', 1),
	(380, '2026-03-11 10:30:00', 'COMPLETADO', 117, 1, 3, NULL, '2026-03-10 17:16:49', 1),
	(381, '2026-03-12 18:00:00', 'COMPLETADO', 12, 1, 1, NULL, '2026-03-10 17:59:21', 1),
	(382, '2026-03-11 18:00:00', 'COMPLETADO', 36, 1, 1, NULL, '2026-03-10 18:36:11', 1),
	(383, '2026-03-12 15:45:00', 'COMPLETADO', 41, 1, 3, NULL, '2026-03-10 19:56:02', 1),
	(384, '2026-03-12 13:45:00', 'COMPLETADO', 52, 1, 1, NULL, '2026-03-11 15:41:48', 1),
	(385, '2026-03-12 14:30:00', 'COMPLETADO', 12, 1, 1, NULL, '2026-03-11 16:09:41', 1),
	(386, '2026-03-13 13:45:00', 'COMPLETADO', 53, 1, 1, NULL, '2026-03-11 17:00:21', 1),
	(387, '2026-03-14 16:45:00', 'COMPLETADO', 39, 1, 1, NULL, '2026-03-11 17:17:26', 1),
	(388, '2026-03-12 10:00:00', 'COMPLETADO', 18, 1, 1, NULL, '2026-03-12 09:28:14', 1),
	(389, '2026-03-14 17:30:00', 'COMPLETADO', 15, 1, 1, NULL, '2026-03-12 10:44:52', 1),
	(390, '2026-03-13 10:00:00', 'COMPLETADO', 11, 1, 1, NULL, '2026-03-12 10:59:34', 1),
	(391, '2026-03-14 13:45:00', 'COMPLETADO', 23, 1, 1, NULL, '2026-03-12 13:34:26', 1),
	(392, '2026-03-14 14:30:00', 'COMPLETADO', 76, 1, 3, NULL, '2026-03-12 17:13:02', 1),
	(393, '2026-03-14 18:15:00', 'COMPLETADO', 46, 1, 1, NULL, '2026-03-12 22:07:22', 1),
	(394, '2026-03-20 14:30:00', 'COMPLETADO', 62, 1, 3, NULL, '2026-03-13 13:46:32', 0),
	(395, '2026-03-20 17:30:00', 'COMPLETADO', 36, 1, 1, NULL, '2026-03-13 19:47:53', 0),
	(396, '2026-03-20 18:15:00', 'COMPLETADO', 74, 1, 3, NULL, '2026-03-13 19:49:47', 0),
	(397, '2026-03-19 13:45:00', 'COMPLETADO', 39, 1, 1, NULL, '2026-03-14 09:55:27', 0),
	(398, '2026-03-18 16:45:00', 'COMPLETADO', 6, 1, 1, NULL, '2026-03-15 01:34:36', 0),
	(399, '2026-03-21 17:30:00', 'COMPLETADO', 24, 1, 3, NULL, '2026-03-15 15:33:44', 0),
	(400, '2026-03-16 13:45:00', 'COMPLETADO', 109, 1, 1, NULL, '2026-03-15 20:01:52', 1),
	(401, '2026-03-16 10:00:00', 'COMPLETADO', 118, 1, 1, NULL, '2026-03-16 09:19:15', 1),
	(402, '2026-03-16 14:30:00', 'COMPLETADO', 48, 1, 3, NULL, '2026-03-16 10:28:43', 1),
	(403, '2026-03-19 17:30:00', 'COMPLETADO', 40, 1, 1, NULL, '2026-03-16 10:34:37', 0),
	(404, '2026-03-26 17:30:00', 'COMPLETADO', 40, 1, 1, NULL, '2026-03-16 10:35:10', 1),
	(405, '2026-03-17 13:45:00', 'COMPLETADO', 85, 1, 1, NULL, '2026-03-16 16:52:42', 1),
	(406, '2026-03-19 18:15:00', 'COMPLETADO', 2, 1, 3, NULL, '2026-03-16 17:12:03', 0),
	(407, '2026-03-21 14:30:00', 'COMPLETADO', 111, 1, 1, NULL, '2026-03-16 17:29:10', 0),
	(408, '2026-03-17 15:15:00', 'COMPLETADO', 49, 1, 1, NULL, '2026-03-16 20:52:16', 1),
	(409, '2026-03-21 11:30:00', 'COMPLETADO', 65, 1, 1, NULL, '2026-03-16 23:22:19', 0),
	(410, '2026-03-17 10:45:00', 'COMPLETADO', 5, 1, 1, NULL, '2026-03-17 08:46:11', 1),
	(411, '2026-03-20 15:15:00', 'COMPLETADO', 4, 1, 1, NULL, '2026-03-18 11:09:36', 0),
	(412, '2026-03-21 13:45:00', 'COMPLETADO', 7, 1, 1, NULL, '2026-03-18 11:25:24', 0),
	(413, '2026-03-18 15:15:00', 'COMPLETADO', 49, 1, 1, NULL, '2026-03-18 11:37:16', 0),
	(414, '2026-03-21 15:15:00', 'COMPLETADO', 97, 1, 1, NULL, '2026-03-18 11:50:29', 0),
	(415, '2026-03-21 16:00:00', 'COMPLETADO', 97, 1, 1, NULL, '2026-03-18 11:50:56', 0),
	(416, '2026-03-21 16:45:00', 'COMPLETADO', 119, 1, 3, NULL, '2026-03-18 11:52:02', 0),
	(417, '2026-03-21 10:00:00', 'COMPLETADO', 43, 1, 3, NULL, '2026-03-19 14:23:41', 0),
	(418, '2026-03-20 13:45:00', 'COMPLETADO', 49, 1, 1, NULL, '2026-03-19 14:57:07', 0),
	(419, '2026-03-20 16:00:00', 'COMPLETADO', 39, 1, 1, NULL, '2026-03-19 15:19:55', 0),
	(420, '2026-03-20 11:30:00', 'COMPLETADO', 11, 1, 1, NULL, '2026-03-19 15:47:16', 0),
	(421, '2026-03-20 16:45:00', 'COMPLETADO', 50, 1, 1, NULL, '2026-03-19 15:49:43', 0),
	(422, '2026-03-20 10:00:00', 'COMPLETADO', 16, 1, 1, NULL, '2026-03-19 16:01:31', 0),
	(423, '2026-03-19 16:45:00', 'COMPLETADO', 87, 1, 1, NULL, '2026-03-19 16:15:38', 0),
	(424, '2026-03-21 18:15:00', 'COMPLETADO', 15, 1, 1, NULL, '2026-03-19 17:37:59', 0),
	(425, '2026-03-20 10:45:00', 'COMPLETADO', 120, 1, 1, NULL, '2026-03-19 18:17:40', 0),
	(426, '2026-03-21 10:45:00', 'COMPLETADO', 121, 1, 3, NULL, '2026-03-19 19:02:52', 0),
	(427, '2026-03-23 10:00:00', 'COMPLETADO', 54, 1, 1, NULL, '2026-03-20 11:47:33', 0),
	(428, '2026-03-27 13:45:00', 'COMPLETADO', 74, 1, 3, NULL, '2026-03-20 18:28:29', 1),
	(429, '2026-03-23 17:30:00', 'COMPLETADO', 122, 1, 3, NULL, '2026-03-22 13:39:41', 0),
	(430, '2026-03-26 13:45:00', 'COMPLETADO', 17, 1, 3, NULL, '2026-03-22 21:38:15', 1),
	(431, '2026-03-23 11:30:00', 'COMPLETADO', 109, 1, 1, NULL, '2026-03-22 23:31:39', 0),
	(432, '2026-03-24 17:30:00', 'COMPLETADO', 123, 1, 1, NULL, '2026-03-23 21:18:07', 1),
	(433, '2026-03-24 18:15:00', 'COMPLETADO', 123, 1, 1, NULL, '2026-03-23 21:18:28', 1),
	(434, '2026-03-24 16:45:00', 'COMPLETADO', 118, 1, 1, NULL, '2026-03-23 21:18:54', 1),
	(435, '2026-03-24 10:45:00', 'COMPLETADO', 5, 1, 1, NULL, '2026-03-23 21:21:56', 1),
	(436, '2026-03-24 10:00:00', 'COMPLETADO', 84, 1, 1, NULL, '2026-03-23 21:27:53', 1),
	(437, '2026-03-27 17:30:00', 'COMPLETADO', 36, 1, 1, NULL, '2026-03-23 21:32:17', 1),
	(438, '2026-03-28 10:00:00', 'COMPLETADO', 64, 1, 1, NULL, '2026-03-23 21:46:57', 1),
	(439, '2026-03-24 13:45:00', 'COMPLETADO', 86, 1, 1, NULL, '2026-03-23 21:48:46', 1),
	(440, '2026-03-26 11:30:00', 'COMPLETADO', 12, 1, 1, NULL, '2026-03-23 22:22:44', 1),
	(443, '2026-03-27 16:45:00', 'COMPLETADO', 124, 1, 1, NULL, '2026-03-23 23:21:59', 1),
	(451, '2026-03-26 18:15:00', 'COMPLETADO', 24, 1, 3, NULL, '2026-03-24 08:37:19', 1),
	(452, '2026-03-25 13:45:00', 'COMPLETADO', 49, 1, 1, NULL, '2026-03-24 08:46:17', 1),
	(453, '2026-03-25 14:30:00', 'COMPLETADO', 123, 1, 2, NULL, '2026-03-24 17:50:41', 1),
	(454, '2026-03-27 11:30:00', 'COMPLETADO', 65, 1, 1, NULL, '2026-03-24 22:11:47', 1),
	(455, '2026-03-27 16:00:00', 'COMPLETADO', 98, 1, 1, NULL, '2026-03-24 22:24:36', 1),
	(456, '2026-03-26 14:30:00', 'COMPLETADO', 7, 1, 1, NULL, '2026-03-25 07:05:16', 1),
	(457, '2026-03-25 10:00:00', 'COMPLETADO', 123, 1, 1, NULL, '2026-03-25 09:01:21', 1),
	(458, '2026-03-25 16:45:00', 'COMPLETADO', 125, 1, 1, NULL, '2026-03-25 10:29:55', 1),
	(459, '2026-03-25 16:00:00', 'COMPLETADO', 126, 1, 1, NULL, '2026-03-25 10:30:21', 1),
	(460, '2026-03-25 18:15:00', 'COMPLETADO', 127, 1, 1, NULL, '2026-03-25 14:31:39', 1),
	(461, '2026-03-25 17:30:00', 'COMPLETADO', 19, 1, 1, NULL, '2026-03-25 15:01:40', 1),
	(462, '2026-03-26 15:15:00', 'COMPLETADO', 128, 1, 1, NULL, '2026-03-25 16:07:16', 1),
	(463, '2026-03-27 18:15:00', 'COMPLETADO', 32, 1, 1, NULL, '2026-03-25 18:00:09', 1),
	(464, '2026-03-27 15:15:00', 'COMPLETADO', 53, 1, 1, NULL, '2026-03-25 19:01:05', 1),
	(465, '2026-03-27 10:45:00', 'COMPLETADO', 129, 1, 1, NULL, '2026-03-26 08:34:06', 1),
	(466, '2026-03-26 10:00:00', 'COMPLETADO', 123, 1, 1, NULL, '2026-03-26 08:37:22', 1),
	(467, '2026-03-27 14:30:00', 'COMPLETADO', 11, 1, 1, NULL, '2026-03-26 11:14:24', 1),
	(468, '2026-03-28 10:45:00', 'COMPLETADO', 43, 1, 3, NULL, '2026-03-26 13:24:39', 1),
	(474, '2026-03-27 10:00:00', 'COMPLETADO', 118, 1, 1, 350.00, '2026-03-27 08:50:43', 1),
	(475, '2026-03-28 18:15:00', 'COMPLETADO', 117, 1, 3, 400.00, '2026-03-27 16:31:09', 1),
	(476, '2026-03-28 11:30:00', 'COMPLETADO', 42, 1, 3, 400.00, '2026-03-27 18:26:28', 1),
	(477, '2026-03-28 13:45:00', 'COMPLETADO', 64, 1, 1, 350.00, '2026-03-27 19:34:02', 1),
	(478, '2026-03-28 14:30:00', 'COMPLETADO', 62, 1, 3, 400.00, '2026-03-27 20:58:41', 1),
	(479, '2026-03-28 15:15:00', 'COMPLETADO', 130, 1, 3, 400.00, '2026-03-27 20:59:31', 1),
	(480, '2026-03-28 17:30:00', 'COMPLETADO', 123, 1, 1, 350.00, '2026-03-27 22:21:05', 1),
	(481, '2026-03-28 16:00:00', 'COMPLETADO', 5, 1, 1, 350.00, '2026-03-27 22:32:28', 1),
	(482, '2026-03-28 16:45:00', 'COMPLETADO', 20, 1, 1, 350.00, '2026-03-28 09:24:07', 1),
	(483, '2026-03-31 10:00:00', 'COMPLETADO', 36, 1, 1, 350.00, '2026-03-29 12:59:56', 1),
	(484, '2026-03-30 18:15:00', 'COMPLETADO', 21, 1, 3, 400.00, '2026-03-29 18:37:23', 1),
	(485, '2026-03-30 14:30:00', 'COMPLETADO', 47, 1, 3, 400.00, '2026-03-29 23:36:17', 1),
	(486, '2026-04-03 13:45:00', 'COMPLETADO', 34, 1, 3, 400.00, '2026-03-30 10:56:59', 1),
	(487, '2026-04-03 14:30:00', 'COMPLETADO', 74, 1, 3, 400.00, '2026-03-30 11:56:03', 1),
	(488, '2026-04-03 11:30:00', 'COMPLETADO', 74, 1, 3, 400.00, '2026-03-30 11:56:44', 1),
	(489, '2026-04-02 11:30:00', 'COMPLETADO', 91, 1, 1, 350.00, '2026-03-30 15:03:03', 1),
	(490, '2026-04-01 18:15:00', 'COMPLETADO', 50, 1, 1, 350.00, '2026-03-30 19:13:24', 1),
	(491, '2026-03-31 10:45:00', 'COMPLETADO', 48, 1, 3, 400.00, '2026-03-31 10:38:02', 0),
	(492, '2026-03-31 11:30:00', 'COMPLETADO', 48, 1, 3, 400.00, '2026-03-31 10:55:06', 0),
	(493, '2026-04-03 10:00:00', 'COMPLETADO', 36, 1, 1, 350.00, '2026-03-31 11:03:18', 1),
	(494, '2026-04-01 10:00:00', 'COMPLETADO', 131, 1, 1, 350.00, '2026-03-31 12:09:12', 1),
	(495, '2026-03-31 17:30:00', 'COMPLETADO', 132, 1, 1, 350.00, '2026-03-31 12:09:20', 1),
	(496, '2026-03-31 18:15:00', 'COMPLETADO', 133, 1, 1, 350.00, '2026-03-31 12:09:39', 1),
	(497, '2026-04-01 10:45:00', 'COMPLETADO', 131, 1, 1, 350.00, '2026-03-31 12:09:55', 1),
	(498, '2026-04-01 17:30:00', 'COMPLETADO', 97, 1, 3, 400.00, '2026-03-31 12:11:46', 1),
	(499, '2026-03-31 13:45:00', 'COMPLETADO', 134, 1, 2, 1500.00, '2026-03-31 12:30:19', 1),
	(500, '2026-04-04 10:00:00', 'COMPLETADO', 85, 1, 1, 350.00, '2026-03-31 19:37:34', 1),
	(501, '2026-04-01 15:15:00', 'COMPLETADO', 4, 1, 2, 1500.00, '2026-03-31 20:12:28', 1),
	(502, '2026-04-01 14:30:00', 'COMPLETADO', 92, 1, 1, 350.00, '2026-03-31 23:06:52', 1),
	(503, '2026-04-01 13:45:00', 'COMPLETADO', 135, 1, 1, 350.00, '2026-03-31 23:15:23', 1),
	(504, '2026-04-03 10:45:00', 'COMPLETADO', 36, 1, 1, 350.00, '2026-03-31 23:19:09', 1),
	(505, '2026-04-10 16:00:00', 'COMPLETADO', 15, 1, 1, 350.00, '2026-04-01 00:07:29', 1),
	(506, '2026-04-03 15:15:00', 'COMPLETADO', 64, 1, 1, 350.00, '2026-04-01 00:18:09', 1),
	(507, '2026-04-04 11:30:00', 'COMPLETADO', 87, 1, 1, 350.00, '2026-04-01 01:25:01', 1),
	(508, '2026-04-02 14:30:00', 'COMPLETADO', 13, 1, 1, 350.00, '2026-04-01 06:25:12', 1),
	(509, '2026-04-10 17:30:00', 'COMPLETADO', 16, 1, 1, 350.00, '2026-04-01 09:46:02', 1),
	(510, '2026-04-01 16:45:00', 'COMPLETADO', 49, 1, 1, 350.00, '2026-04-01 10:11:49', 1),
	(511, '2026-04-03 16:00:00', 'COMPLETADO', 5, 1, 1, 350.00, '2026-04-01 12:52:20', 1),
	(513, '2026-04-02 10:00:00', 'COMPLETADO', 107, 1, 1, 350.00, '2026-04-01 15:29:00', 1),
	(514, '2026-04-03 16:45:00', 'COMPLETADO', 46, 1, 1, 350.00, '2026-04-01 15:46:26', 1),
	(515, '2026-04-02 15:15:00', 'COMPLETADO', 29, 1, 1, 350.00, '2026-04-01 16:32:48', 1),
	(516, '2026-04-02 16:00:00', 'COMPLETADO', 37, 1, 1, 350.00, '2026-04-01 18:45:14', 1),
	(517, '2026-04-02 13:45:00', 'COMPLETADO', 123, 1, 1, 350.00, '2026-04-02 12:23:28', 1),
	(518, '2026-04-09 11:30:00', 'COMPLETADO', 6, 1, 1, 350.00, '2026-04-02 13:43:47', 1),
	(519, '2026-04-02 16:45:00', 'COMPLETADO', 54, 1, 1, 350.00, '2026-04-02 13:54:28', 1),
	(520, '2026-04-02 17:30:00', 'COMPLETADO', 136, 1, 1, 350.00, '2026-04-02 13:57:12', 1),
	(521, '2026-04-02 18:15:00', 'COMPLETADO', 137, 1, 1, 350.00, '2026-04-02 13:57:26', 1),
	(522, '2026-04-03 17:30:00', 'COMPLETADO', 116, 1, 1, 350.00, '2026-04-02 16:33:13', 1),
	(523, '2026-04-03 18:15:00', 'COMPLETADO', 53, 1, 1, 350.00, '2026-04-02 16:44:28', 1),
	(524, '2026-04-10 15:15:00', 'COMPLETADO', 64, 1, 1, 350.00, '2026-04-03 09:16:29', 1),
	(525, '2026-04-04 10:45:00', 'COMPLETADO', 19, 1, 1, 350.00, '2026-04-03 10:31:05', 1),
	(526, '2026-04-04 13:45:00', 'COMPLETADO', 98, 1, 1, 350.00, '2026-04-03 10:59:35', 1),
	(527, '2026-04-06 10:45:00', 'COMPLETADO', 138, 1, 1, 350.00, '2026-04-03 11:41:44', 1),
	(528, '2026-04-04 14:30:00', 'COMPLETADO', 78, 1, 3, 400.00, '2026-04-03 13:10:19', 1),
	(529, '2026-04-04 17:30:00', 'COMPLETADO', 116, 1, 1, 350.00, '2026-04-03 16:53:56', 1),
	(530, '2026-04-06 13:45:00', 'COMPLETADO', 88, 1, 1, 350.00, '2026-04-03 18:46:46', 1),
	(531, '2026-04-07 10:45:00', 'COMPLETADO', 123, 1, 1, 350.00, '2026-04-06 21:23:42', 1),
	(532, '2026-04-08 10:00:00', 'COMPLETADO', 139, 1, 1, 350.00, '2026-04-06 21:26:20', 1),
	(533, '2026-04-08 10:45:00', 'COMPLETADO', 123, 1, 1, 350.00, '2026-04-06 21:26:38', 1),
	(534, '2026-04-08 11:30:00', 'COMPLETADO', 140, 1, 1, 350.00, '2026-04-06 21:27:00', 1),
	(535, '2026-04-10 16:45:00', 'COMPLETADO', 36, 1, 1, 350.00, '2026-04-06 21:33:02', 1),
	(536, '2026-04-07 18:15:00', 'COMPLETADO', 36, 1, 1, 350.00, '2026-04-06 21:33:22', 1),
	(537, '2026-04-11 14:30:00', 'COMPLETADO', 111, 1, 1, 350.00, '2026-04-06 21:33:37', 1),
	(538, '2026-04-07 13:45:00', 'COMPLETADO', 39, 1, 1, 350.00, '2026-04-06 21:34:16', 1),
	(539, '2026-04-07 14:30:00', 'COMPLETADO', 85, 1, 1, 350.00, '2026-04-06 21:39:54', 1),
	(540, '2026-04-07 17:30:00', 'COMPLETADO', 87, 1, 1, 350.00, '2026-04-06 21:48:32', 1),
	(541, '2026-04-08 13:45:00', 'COMPLETADO', 117, 1, 3, 400.00, '2026-04-06 21:50:31', 1),
	(542, '2026-04-09 13:45:00', 'COMPLETADO', 141, 1, 1, 350.00, '2026-04-06 21:53:26', 1),
	(543, '2026-04-10 18:15:00', 'COMPLETADO', 2, 1, 3, 400.00, '2026-04-07 08:29:34', 1),
	(544, '2026-04-07 10:00:00', 'COMPLETADO', 134, 1, 1, 350.00, '2026-04-07 09:41:45', 0),
	(545, '2026-04-07 11:30:00', 'COMPLETADO', 142, 1, 1, 350.00, '2026-04-07 09:42:39', 1),
	(546, '2026-04-07 16:45:00', 'COMPLETADO', 143, 1, 1, 350.00, '2026-04-07 09:46:47', 1),
	(547, '2026-04-08 18:15:00', 'COMPLETADO', 43, 1, 3, 400.00, '2026-04-07 12:45:09', 1),
	(548, '2026-04-09 18:15:00', 'COMPLETADO', 11, 1, 1, 350.00, '2026-04-07 17:54:42', 1),
	(549, '2026-04-09 16:00:00', 'COMPLETADO', 50, 1, 1, 350.00, '2026-04-07 18:51:41', 1),
	(550, '2026-04-08 14:30:00', 'COMPLETADO', 5, 1, 1, 350.00, '2026-04-07 21:08:11', 1),
	(551, '2026-04-10 13:45:00', 'COMPLETADO', 13, 1, 1, 350.00, '2026-04-07 21:09:03', 1),
	(552, '2026-04-08 15:15:00', 'COMPLETADO', 144, 1, 1, 350.00, '2026-04-07 21:10:03', 1),
	(553, '2026-04-11 10:00:00', 'COMPLETADO', 7, 1, 1, 350.00, '2026-04-07 21:11:15', 1),
	(554, '2026-04-09 15:15:00', 'COMPLETADO', 145, 1, 1, 350.00, '2026-04-07 21:12:27', 1),
	(555, '2026-04-08 17:30:00', 'COMPLETADO', 146, 1, 1, 350.00, '2026-04-07 21:22:33', 1),
	(556, '2026-04-09 17:30:00', 'COMPLETADO', 40, 1, 1, 350.00, '2026-04-08 00:15:28', 1),
	(557, '2026-04-11 16:00:00', 'COMPLETADO', 65, 1, 1, 350.00, '2026-04-08 02:34:08', 1),
	(558, '2026-04-10 10:45:00', 'COMPLETADO', 42, 1, 3, 400.00, '2026-04-08 12:56:42', 1),
	(559, '2026-04-09 14:30:00', 'COMPLETADO', 147, 1, 1, 350.00, '2026-04-08 13:37:33', 1),
	(560, '2026-04-09 16:45:00', 'COMPLETADO', 37, 1, 1, 350.00, '2026-04-08 13:38:21', 1),
	(561, '2026-04-10 11:30:00', 'COMPLETADO', 91, 1, 1, 350.00, '2026-04-08 15:45:04', 1),
	(562, '2026-04-10 14:30:00', 'COMPLETADO', 53, 1, 1, 350.00, '2026-04-08 15:51:25', 1),
	(563, '2026-04-11 11:30:00', 'COMPLETADO', 98, 1, 1, 350.00, '2026-04-08 16:32:25', 1),
	(564, '2026-04-09 10:45:00', 'COMPLETADO', 49, 1, 1, 350.00, '2026-04-09 00:21:01', 1),
	(565, '2026-04-09 10:00:00', 'COMPLETADO', 148, 1, 1, 350.00, '2026-04-09 09:35:54', 0),
	(566, '2026-04-10 10:00:00', 'COMPLETADO', 149, 1, 1, 350.00, '2026-04-09 12:48:07', 1),
	(567, '2026-04-17 18:15:00', 'COMPLETADO', 74, 1, 3, 400.00, '2026-04-09 17:51:11', 0),
	(568, '2026-04-11 13:45:00', 'COMPLETADO', 52, 1, 1, 350.00, '2026-04-09 18:56:58', 1),
	(569, '2026-04-11 10:45:00', 'COMPLETADO', 19, 1, 1, 350.00, '2026-04-09 23:06:13', 1),
	(570, '2026-04-11 15:15:00', 'COMPLETADO', 150, 1, 1, 350.00, '2026-04-10 11:25:27', 1),
	(571, '2026-04-11 16:45:00', 'COMPLETADO', 16, 1, 1, 350.00, '2026-04-10 13:46:38', 1),
	(572, '2026-04-11 17:30:00', 'COMPLETADO', 55, 1, 1, 350.00, '2026-04-10 19:07:03', 1),
	(573, '2026-04-13 16:00:00', 'COMPLETADO', 45, 1, 3, 400.00, '2026-04-12 13:25:10', 0),
	(574, '2026-04-13 10:45:00', 'COMPLETADO', 151, 1, 1, 350.00, '2026-04-13 01:50:10', 0),
	(575, '2026-04-13 10:00:00', 'COMPLETADO', 123, 1, 1, 350.00, '2026-04-13 09:25:25', 0),
	(576, '2026-04-13 16:45:00', 'COMPLETADO', 152, 1, 1, 350.00, '2026-04-13 09:26:07', 0),
	(577, '2026-04-13 11:30:00', 'COMPLETADO', 72, 1, 3, 400.00, '2026-04-13 09:31:15', 0),
	(578, '2026-04-13 18:15:00', 'COMPLETADO', 32, 1, 1, 350.00, '2026-04-13 09:47:31', 0),
	(579, '2026-04-17 14:30:00', 'COMPLETADO', 126, 1, 1, 350.00, '2026-04-13 12:01:21', 0),
	(580, '2026-04-13 15:15:00', 'COMPLETADO', 153, 1, 1, 350.00, '2026-04-13 12:59:47', 0),
	(581, '2026-04-13 17:30:00', 'COMPLETADO', 154, 1, 1, 350.00, '2026-04-13 17:07:07', 0),
	(582, '2026-04-15 10:00:00', 'COMPLETADO', 155, 1, 3, 400.00, '2026-04-13 18:02:37', 0),
	(583, '2026-04-17 16:45:00', 'COMPLETADO', 36, 1, 1, 350.00, '2026-04-13 23:00:44', 0),
	(584, '2026-04-15 18:15:00', 'COMPLETADO', 36, 1, 1, 350.00, '2026-04-13 23:25:18', 0),
	(585, '2026-04-18 16:00:00', 'COMPLETADO', 65, 1, 1, 350.00, '2026-04-14 03:01:28', 0),
	(586, '2026-04-14 16:45:00', 'COMPLETADO', 20, 1, 1, 350.00, '2026-04-14 08:32:02', 0),
	(587, '2026-04-24 17:30:00', 'COMPLETADO', 21, 1, 2, 1500.00, '2026-04-14 19:04:06', 1),
	(588, '2026-04-18 10:45:00', 'COMPLETADO', 19, 1, 1, 350.00, '2026-04-15 09:30:35', 0),
	(589, '2026-04-17 16:00:00', 'COMPLETADO', 78, 1, 3, 400.00, '2026-04-15 09:39:44', 0),
	(590, '2026-04-17 15:15:00', 'COMPLETADO', 4, 1, 1, 350.00, '2026-04-15 09:40:13', 0),
	(591, '2026-04-15 10:45:00', 'COMPLETADO', 133, 1, 1, 350.00, '2026-04-15 10:01:46', 0),
	(592, '2026-04-18 13:45:00', 'COMPLETADO', 43, 1, 3, 400.00, '2026-04-15 10:05:51', 0),
	(593, '2026-04-17 17:30:00', 'COMPLETADO', 16, 1, 1, 350.00, '2026-04-15 10:35:55', 0),
	(594, '2026-04-18 16:45:00', 'COMPLETADO', 15, 1, 1, 350.00, '2026-04-15 10:42:17', 0),
	(595, '2026-04-16 13:45:00', 'COMPLETADO', 156, 1, 3, 400.00, '2026-04-15 10:45:48', 0),
	(596, '2026-04-15 14:30:00', 'COMPLETADO', 49, 1, 1, 350.00, '2026-04-15 12:54:00', 0),
	(597, '2026-04-18 11:30:00', 'COMPLETADO', 11, 1, 1, 350.00, '2026-04-15 14:32:03', 0),
	(598, '2026-04-17 10:00:00', 'COMPLETADO', 157, 1, 3, 400.00, '2026-04-15 15:04:46', 0),
	(599, '2026-04-17 13:45:00', 'COMPLETADO', 85, 1, 1, 350.00, '2026-04-15 17:03:35', 0),
	(600, '2026-04-16 15:15:00', 'COMPLETADO', 49, 1, 1, 350.00, '2026-04-15 17:35:37', 0),
	(601, '2026-04-18 18:15:00', 'COMPLETADO', 74, 1, 3, 400.00, '2026-04-15 19:09:55', 0),
	(602, '2026-04-18 10:00:00', 'COMPLETADO', 64, 1, 1, 350.00, '2026-04-15 21:58:46', 0),
	(603, '2026-04-16 14:30:00', 'COMPLETADO', 41, 1, 1, 350.00, '2026-04-16 00:47:43', 0),
	(604, '2026-04-16 10:00:00', 'COMPLETADO', 158, 1, 1, 350.00, '2026-04-16 09:18:20', 0),
	(605, '2026-04-16 10:45:00', 'COMPLETADO', 159, 1, 1, 350.00, '2026-04-16 09:19:55', 0),
	(606, '2026-04-16 16:00:00', 'COMPLETADO', 71, 1, 1, 350.00, '2026-04-16 10:20:18', 0),
	(607, '2026-04-16 16:45:00', 'COMPLETADO', 71, 1, 1, 350.00, '2026-04-16 10:20:43', 0),
	(608, '2026-04-16 11:30:00', 'COMPLETADO', 160, 1, 1, 350.00, '2026-04-16 10:53:24', 0),
	(609, '2026-04-16 17:30:00', 'COMPLETADO', 48, 1, 3, 400.00, '2026-04-16 11:14:56', 0),
	(610, '2026-04-16 18:15:00', 'COMPLETADO', 40, 1, 1, 350.00, '2026-04-16 14:09:35', 0),
	(611, '2026-04-18 15:15:00', 'COMPLETADO', 53, 1, 1, 350.00, '2026-04-16 16:34:56', 0),
	(612, '2026-04-17 11:30:00', 'COMPLETADO', 84, 1, 1, 350.00, '2026-04-16 17:40:51', 0),
	(613, '2026-04-18 14:30:00', 'COMPLETADO', 7, 1, 1, 350.00, '2026-04-16 20:15:19', 0),
	(614, '2026-04-18 17:30:00', 'COMPLETADO', 7, 1, 1, 350.00, '2026-04-16 20:15:45', 0),
	(615, '2026-04-17 10:45:00', 'COMPLETADO', 41, 1, 1, 350.00, '2026-04-16 22:03:45', 0),
	(616, '2026-04-25 15:15:00', 'COMPLETADO', 39, 1, 1, 350.00, '2026-04-19 21:08:09', 1),
	(617, '2026-04-24 11:30:00', 'COMPLETADO', 17, 1, 1, 350.00, '2026-04-19 21:16:23', 1),
	(618, '2026-04-24 13:45:00', 'COMPLETADO', 38, 1, 1, 350.00, '2026-04-19 21:30:54', 1),
	(619, '2026-04-23 13:45:00', 'COMPLETADO', 13, 1, 1, 350.00, '2026-04-19 21:47:24', 1),
	(621, '2026-04-25 14:30:00', 'COMPLETADO', 111, 1, 1, 350.00, '2026-04-19 22:02:31', 1),
	(622, '2026-04-20 16:00:00', 'COMPLETADO', 50, 1, 1, 350.00, '2026-04-20 06:26:03', 1),
	(623, '2026-04-24 14:30:00', 'COMPLETADO', 34, 1, 1, 350.00, '2026-04-20 10:29:00', 1),
	(624, '2026-04-20 17:30:00', 'COMPLETADO', 161, 1, 1, 350.00, '2026-04-20 12:24:55', 1),
	(625, '2026-04-24 16:45:00', 'COMPLETADO', 15, 1, 1, 350.00, '2026-04-20 13:38:16', 1),
	(626, '2026-04-24 16:00:00', 'COMPLETADO', 53, 1, 1, 350.00, '2026-04-20 18:37:00', 1),
	(627, '2026-04-23 11:30:00', 'COMPLETADO', 91, 1, 1, 350.00, '2026-04-20 19:00:05', 1),
	(628, '2026-04-22 13:45:00', 'COMPLETADO', 5, 1, 1, 350.00, '2026-04-21 12:58:27', 1),
	(629, '2026-04-21 13:45:00', 'COMPLETADO', 86, 1, 1, 350.00, '2026-04-21 13:01:52', 0),
	(630, '2026-04-22 14:30:00', 'COMPLETADO', 142, 1, 1, 350.00, '2026-04-21 14:15:59', 1),
	(631, '2026-04-23 18:15:00', 'COMPLETADO', 2, 1, 3, 400.00, '2026-04-21 16:47:04', 1),
	(632, '2026-04-23 17:30:00', 'COMPLETADO', 40, 1, 1, 350.00, '2026-04-22 07:21:07', 1),
	(633, '2026-04-22 10:00:00', 'COMPLETADO', 162, 1, 1, 350.00, '2026-04-22 09:42:07', 1),
	(634, '2026-04-22 10:45:00', 'COMPLETADO', 134, 1, 1, 350.00, '2026-04-22 09:42:54', 1),
	(635, '2026-04-22 11:30:00', 'COMPLETADO', 87, 1, 1, 350.00, '2026-04-22 10:13:19', 1),
	(637, '2026-04-22 18:15:00', 'COMPLETADO', 36, 1, 1, 350.00, '2026-04-22 11:28:48', 1),
	(638, '2026-04-25 10:45:00', 'COMPLETADO', 36, 1, 1, 350.00, '2026-04-22 11:29:11', 1),
	(639, '2026-04-22 17:30:00', 'COMPLETADO', 37, 1, 1, 350.00, '2026-04-22 11:54:06', 1),
	(640, '2026-04-22 16:00:00', 'COMPLETADO', 163, 1, 1, 350.00, '2026-04-22 13:25:25', 1),
	(641, '2026-04-24 15:15:00', 'COMPLETADO', 4, 1, 1, 350.00, '2026-04-22 13:30:16', 1),
	(642, '2026-04-22 15:15:00', 'COMPLETADO', 86, 1, 1, 350.00, '2026-04-22 13:39:27', 1),
	(643, '2026-04-25 11:30:00', 'COMPLETADO', 11, 1, 1, 350.00, '2026-04-22 15:55:50', 1),
	(644, '2026-04-23 10:00:00', 'COMPLETADO', 157, 1, 3, 400.00, '2026-04-22 21:50:29', 1),
	(645, '2026-04-25 16:45:00', 'COMPLETADO', 24, 1, 3, 400.00, '2026-04-22 23:09:28', 1),
	(646, '2026-04-23 10:45:00', 'COMPLETADO', 6, 1, 1, 350.00, '2026-04-23 01:36:40', 1),
	(647, '2026-04-23 15:15:00', 'COMPLETADO', 98, 1, 1, 350.00, '2026-04-23 13:11:45', 1),
	(648, '2026-04-27 16:45:00', 'COMPLETADO', 6, 1, 1, 350.00, '2026-04-23 13:16:39', 1),
	(649, '2026-04-23 14:30:00', 'COMPLETADO', 164, 1, 1, 350.00, '2026-04-23 13:41:28', 1),
	(650, '2026-04-23 16:45:00', 'COMPLETADO', 88, 1, 1, 350.00, '2026-04-23 14:37:13', 1),
	(651, '2026-04-25 13:45:00', 'COMPLETADO', 76, 1, 3, 400.00, '2026-04-23 16:38:30', 1),
	(652, '2026-04-25 16:00:00', 'COMPLETADO', 16, 1, 1, 350.00, '2026-04-23 18:55:03', 1),
	(654, '2026-04-24 10:45:00', 'COMPLETADO', 104, 1, 3, 400.00, '2026-04-24 08:41:25', 1),
	(655, '2026-04-25 17:30:00', 'COMPLETADO', 48, 1, 3, 400.00, '2026-04-24 11:52:06', 1),
	(656, '2026-04-25 10:00:00', 'COMPLETADO', 34, 1, 1, 350.00, '2026-04-24 13:46:01', 1),
	(657, '2026-04-25 18:15:00', 'COMPLETADO', 67, 1, 1, 350.00, '2026-04-24 22:19:09', 1),
	(658, '2026-04-27 10:45:00', 'COMPLETADO', 129, 1, 1, 350.00, '2026-04-25 21:40:11', 1),
	(659, '2026-04-30 18:15:00', 'CONFIRMADO', 65, 1, 1, 350.00, '2026-04-26 15:18:12', 0),
	(660, '2026-04-27 14:30:00', 'COMPLETADO', 165, 1, 1, 350.00, '2026-04-26 18:44:15', 1),
	(661, '2026-04-29 16:45:00', 'COMPLETADO', 12, 1, 1, 350.00, '2026-04-27 10:06:39', 1),
	(662, '2026-04-29 16:00:00', 'COMPLETADO', 12, 1, 1, 350.00, '2026-04-27 10:07:21', 1),
	(663, '2026-04-28 13:45:00', 'COMPLETADO', 19, 1, 1, 350.00, '2026-04-27 14:57:58', 1),
	(664, '2026-04-27 17:30:00', 'COMPLETADO', 43, 1, 3, 400.00, '2026-04-27 16:39:21', 1),
	(665, '2026-04-27 18:15:00', 'COMPLETADO', 166, 1, 1, 350.00, '2026-04-27 17:43:56', 1),
	(666, '2026-04-30 10:00:00', 'CONFIRMADO', 117, 1, 3, 400.00, '2026-04-27 23:55:30', 0),
	(667, '2026-04-28 11:30:00', 'COMPLETADO', 5, 1, 1, 350.00, '2026-04-28 02:46:19', 1),
	(668, '2026-04-30 15:15:00', 'CONFIRMADO', 4, 1, 1, 350.00, '2026-04-28 07:49:38', 0),
	(669, '2026-04-28 10:00:00', 'COMPLETADO', 133, 1, 1, 350.00, '2026-04-28 09:37:16', 1),
	(670, '2026-04-28 10:45:00', 'COMPLETADO', 134, 1, 1, 350.00, '2026-04-28 09:38:13', 1),
	(671, '2026-04-30 11:30:00', 'CONFIRMADO', 91, 1, 1, 350.00, '2026-04-28 10:27:06', 0),
	(672, '2026-04-30 17:30:00', 'CONFIRMADO', 78, 1, 3, 400.00, '2026-04-28 10:33:17', 0),
	(673, '2026-04-30 16:45:00', 'CONFIRMADO', 117, 1, 3, 400.00, '2026-04-28 10:41:05', 0),
	(674, '2026-05-01 13:45:00', 'CONFIRMADO', 34, 1, 1, 350.00, '2026-04-28 10:57:58', 0),
	(675, '2026-04-28 18:15:00', 'COMPLETADO', 36, 1, 1, 350.00, '2026-04-28 11:03:58', 1),
	(676, '2026-04-30 16:00:00', 'CONFIRMADO', 16, 1, 1, 350.00, '2026-04-28 11:19:43', 0),
	(677, '2026-05-02 10:00:00', 'CONFIRMADO', 55, 1, 1, 350.00, '2026-04-28 11:48:33', 0),
	(678, '2026-05-02 10:45:00', 'CONFIRMADO', 55, 1, 1, 350.00, '2026-04-28 11:49:03', 0),
	(679, '2026-05-02 14:30:00', 'CONFIRMADO', 153, 1, 1, 350.00, '2026-04-28 18:39:41', 0),
	(680, '2026-05-04 13:45:00', 'CONFIRMADO', 167, 1, 1, 350.00, '2026-04-28 18:46:25', 0),
	(681, '2026-05-02 13:45:00', 'CONFIRMADO', 34, 1, 1, 350.00, '2026-04-28 19:21:01', 0),
	(682, '2026-04-30 14:30:00', 'CONFIRMADO', 13, 1, 1, 350.00, '2026-04-28 19:23:30', 0),
	(683, '2026-05-02 11:30:00', 'CONFIRMADO', 36, 1, 1, 350.00, '2026-04-28 19:40:19', 0),
	(684, '2026-04-29 10:00:00', 'COMPLETADO', 123, 1, 1, 350.00, '2026-04-29 09:43:35', 1),
	(685, '2026-04-29 10:45:00', 'COMPLETADO', 168, 1, 1, 350.00, '2026-04-29 09:44:01', 1),
	(686, '2026-04-29 11:30:00', 'COMPLETADO', 169, 1, 1, 350.00, '2026-04-29 09:44:39', 1),
	(687, '2026-05-01 14:30:00', 'CONFIRMADO', 85, 1, 1, 350.00, '2026-04-29 11:58:35', 0);
/*!40000 ALTER TABLE `visita` ENABLE KEYS */;

/*!40101 SET SQL_MODE=IFNULL(@OLD_SQL_MODE, '') */;
/*!40014 SET FOREIGN_KEY_CHECKS=IF(@OLD_FOREIGN_KEY_CHECKS IS NULL, 1, @OLD_FOREIGN_KEY_CHECKS) */;
/*!40101 SET CHARACTER_SET_CLIENT=@OLD_CHARACTER_SET_CLIENT */;
